class,query_id,K,mean_similarity,median_similarity,unique_images
Brick Kiln,0,1,0.9994223713874817,0.9994223713874817,1
Brick Kiln,0,5,0.9993962049484253,0.9994025230407715,5
Brick Kiln,0,10,0.9993717074394226,0.9993575811386108,8
Brick Kiln,0,25,0.9993376135826111,0.9993246793746948,16
Brick Kiln,0,50,0.9993132948875427,0.999303936958313,22
Brick Kiln,0,100,0.9992860555648804,0.9992766380310059,30
Brick Kiln,0,250,0.9992439150810242,0.9992319345474243,39
Brick Kiln,0,500,0.9992059469223022,0.9991936087608337,39
Brick Kiln,1,1,0.9993502497673035,0.9993502497673035,1
Brick Kiln,1,5,0.9993118047714233,0.9993331432342529,4
Brick Kiln,1,10,0.999258816242218,0.9992510080337524,7
Brick Kiln,1,25,0.9991744756698608,0.9991470575332642,13
Brick Kiln,1,50,0.999106764793396,0.9990880489349365,15
Brick Kiln,1,100,0.9990257024765015,0.9989906549453735,22
Brick Kiln,1,250,0.9989158511161804,0.9988848567008972,31
Brick Kiln,1,500,0.9988213181495667,0.9987884163856506,39
Brick Kiln,2,1,0.9990183115005493,0.9990183115005493,1
Brick Kiln,2,5,0.9989302754402161,0.998905599117279,4
Brick Kiln,2,10,0.9988988637924194,0.9988812208175659,9
Brick Kiln,2,25,0.9988491535186768,0.9988424777984619,12
Brick Kiln,2,50,0.9987877011299133,0.9987784624099731,19
Brick Kiln,2,100,0.9987068176269531,0.9986792802810669,23
Brick Kiln,2,250,0.9985678195953369,0.9985419511795044,29
Brick Kiln,2,500,0.9984129667282104,0.9983813762664795,34
Brick Kiln,3,1,0.9995124340057373,0.9995124340057373,1
Brick Kiln,3,5,0.9994839429855347,0.9994789958000183,5
Brick Kiln,3,10,0.9994600415229797,0.999455451965332,9
Brick Kiln,3,25,0.999422013759613,0.9994126558303833,13
Brick Kiln,3,50,0.9993919134140015,0.9993728995323181,16
Brick Kiln,3,100,0.9993613362312317,0.9993484020233154,17
Brick Kiln,3,250,0.9993175864219666,0.9993080496788025,19
Brick Kiln,3,500,0.999275803565979,0.9992619752883911,26
Brick Kiln,4,1,0.9994240999221802,0.9994240999221802,1
Brick Kiln,4,5,0.9993866682052612,0.9993751645088196,5
Brick Kiln,4,10,0.9993597865104675,0.9993596076965332,7
Brick Kiln,4,25,0.9993212223052979,0.9993110299110413,13
Brick Kiln,4,50,0.9992868900299072,0.9992772340774536,19
Brick Kiln,4,100,0.9992398023605347,0.9992231130599976,26
Brick Kiln,4,250,0.999168336391449,0.9991458654403687,33
Brick Kiln,4,500,0.9991071820259094,0.9990854263305664,38
Brick Kiln,5,1,0.9995013475418091,0.9995013475418091,1
Brick Kiln,5,5,0.999480128288269,0.9994857907295227,5
Brick Kiln,5,10,0.999462902545929,0.9994538426399231,7
Brick Kiln,5,25,0.9994341135025024,0.999424934387207,14
Brick Kiln,5,50,0.9994093179702759,0.9994019269943237,19
Brick Kiln,5,100,0.9993779063224792,0.9993686079978943,25
Brick Kiln,5,250,0.9993286728858948,0.9993174076080322,36
Brick Kiln,5,500,0.9992828369140625,0.9992689490318298,40
Brick Kiln,6,1,0.99916672706604,0.99916672706604,1
Brick Kiln,6,5,0.9990299344062805,0.998985767364502,5
Brick Kiln,6,10,0.9989513158798218,0.9989207983016968,8
Brick Kiln,6,25,0.9988694787025452,0.9988352060317993,15
Brick Kiln,6,50,0.9988089799880981,0.9987873435020447,19
Brick Kiln,6,100,0.9987319707870483,0.9986999034881592,24
Brick Kiln,6,250,0.9985917806625366,0.9985711574554443,35
Brick Kiln,6,500,0.9984594583511353,0.998418390750885,38
Brick Kiln,7,1,0.999353289604187,0.999353289604187,1
Brick Kiln,7,5,0.9993221163749695,0.9993281960487366,4
Brick Kiln,7,10,0.9992923736572266,0.9992759227752686,8
Brick Kiln,7,25,0.9992488026618958,0.9992351531982422,16
Brick Kiln,7,50,0.999210000038147,0.9992015361785889,22
Brick Kiln,7,100,0.9991601705551147,0.9991411566734314,26
Brick Kiln,7,250,0.9990808963775635,0.9990610480308533,35
Brick Kiln,7,500,0.9990085363388062,0.9989832639694214,38
Brick Kiln,8,1,0.9992823600769043,0.9992823600769043,1
Brick Kiln,8,5,0.9992570877075195,0.9992431998252869,3
Brick Kiln,8,10,0.9992401003837585,0.9992344975471497,6
Brick Kiln,8,25,0.9991948008537292,0.9991799592971802,12
Brick Kiln,8,50,0.999146580696106,0.9991416931152344,20
Brick Kiln,8,100,0.9990934729576111,0.9990707635879517,33
Brick Kiln,8,250,0.9989996552467346,0.9989781975746155,36
Brick Kiln,8,500,0.9989154934883118,0.9988836050033569,38
Brick Kiln,9,1,0.9993003010749817,0.9993003010749817,1
Brick Kiln,9,5,0.9992796778678894,0.9992936253547668,5
Brick Kiln,9,10,0.9992446899414062,0.9992477893829346,9
Brick Kiln,9,25,0.9991980195045471,0.9991779327392578,19
Brick Kiln,9,50,0.9991613626480103,0.999149739742279,25
Brick Kiln,9,100,0.9991234540939331,0.9991093873977661,33
Brick Kiln,9,250,0.9990695714950562,0.9990561008453369,38
Brick Kiln,9,500,0.9990226030349731,0.9990047812461853,39
Brick Kiln,10,1,0.9993579387664795,0.9993579387664795,1
Brick Kiln,10,5,0.9992985725402832,0.9992929100990295,3
Brick Kiln,10,10,0.9992555379867554,0.9992376565933228,4
Brick Kiln,10,25,0.9992023706436157,0.999190092086792,6
Brick Kiln,10,50,0.9991298913955688,0.9991208910942078,15
Brick Kiln,10,100,0.999031126499176,0.9989988207817078,19
Brick Kiln,10,250,0.9988751411437988,0.9988282322883606,30
Brick Kiln,10,500,0.998727023601532,0.9986908435821533,35
Brick Kiln,11,1,0.9993953704833984,0.9993953704833984,1
Brick Kiln,11,5,0.9993394613265991,0.9993380904197693,5
Brick Kiln,11,10,0.9992997050285339,0.9992942810058594,9
Brick Kiln,11,25,0.9992256164550781,0.9992238879203796,13
Brick Kiln,11,50,0.9991560578346252,0.9991362690925598,17
Brick Kiln,11,100,0.9990645051002502,0.9990405440330505,18
Brick Kiln,11,250,0.9989079833030701,0.998879075050354,32
Brick Kiln,11,500,0.9987534284591675,0.9987058639526367,37
Brick Kiln,12,1,0.999364972114563,0.999364972114563,1
Brick Kiln,12,5,0.9993149042129517,0.9992981553077698,3
Brick Kiln,12,10,0.9992889165878296,0.9992859363555908,8
Brick Kiln,12,25,0.9992563128471375,0.9992502331733704,11
Brick Kiln,12,50,0.999228835105896,0.9992144107818604,14
Brick Kiln,12,100,0.9991973042488098,0.999182939529419,16
Brick Kiln,12,250,0.9991497993469238,0.9991350173950195,21
Brick Kiln,12,500,0.9991093873977661,0.9990942478179932,24
Brick Kiln,13,1,0.9993150234222412,0.9993150234222412,1
Brick Kiln,13,5,0.9991917610168457,0.9991673827171326,5
Brick Kiln,13,10,0.9991521835327148,0.9991412162780762,9
Brick Kiln,13,25,0.9991000890731812,0.9990838766098022,14
Brick Kiln,13,50,0.9990621209144592,0.9990404844284058,23
Brick Kiln,13,100,0.9990231990814209,0.999009370803833,31
Brick Kiln,13,250,0.9989655613899231,0.9989516735076904,35
Brick Kiln,13,500,0.998910129070282,0.9988958835601807,37
Brick Kiln,14,1,0.9993009567260742,0.9993009567260742,1
Brick Kiln,14,5,0.9991450309753418,0.9990810751914978,3
Brick Kiln,14,10,0.9990833401679993,0.9990462064743042,7
Brick Kiln,14,25,0.9990007281303406,0.9989738464355469,15
Brick Kiln,14,50,0.9989315271377563,0.9988993406295776,21
Brick Kiln,14,100,0.9988542795181274,0.9988195896148682,27
Brick Kiln,14,250,0.9987315535545349,0.9986966252326965,34
Brick Kiln,14,500,0.9986220002174377,0.9985843896865845,37
Brick Kiln,15,1,0.9994228482246399,0.9994228482246399,1
Brick Kiln,15,5,0.9993559718132019,0.9993466138839722,5
Brick Kiln,15,10,0.9993228912353516,0.9993157386779785,9
Brick Kiln,15,25,0.9992709159851074,0.999258816242218,19
Brick Kiln,15,50,0.9992277026176453,0.9992122650146484,27
Brick Kiln,15,100,0.9991708397865295,0.999159574508667,33
Brick Kiln,15,250,0.9990838170051575,0.9990586042404175,37
Brick Kiln,15,500,0.9990097880363464,0.9989844560623169,39
Brick Kiln,16,1,0.9994758367538452,0.9994758367538452,1
Brick Kiln,16,5,0.9994616508483887,0.9994600415229797,4
Brick Kiln,16,10,0.9994441866874695,0.9994491338729858,6
Brick Kiln,16,25,0.999409556388855,0.999397873878479,13
Brick Kiln,16,50,0.9993858337402344,0.9993753433227539,16
Brick Kiln,16,100,0.9993544220924377,0.9993458390235901,21
Brick Kiln,16,250,0.9993093013763428,0.9992945790290833,25
Brick Kiln,16,500,0.9992721080780029,0.9992591142654419,29
Brick Kiln,17,1,0.9995455741882324,0.9995455741882324,1
Brick Kiln,17,5,0.9995260238647461,0.9995184540748596,5
Brick Kiln,17,10,0.9995137453079224,0.9995146989822388,9
Brick Kiln,17,25,0.9994872808456421,0.9994766116142273,14
Brick Kiln,17,50,0.9994696974754333,0.9994590878486633,19
Brick Kiln,17,100,0.9994491338729858,0.9994443655014038,23
Brick Kiln,17,250,0.9994159936904907,0.9994078874588013,26
Brick Kiln,17,500,0.9993862509727478,0.9993765354156494,36
Brick Kiln,18,1,0.9993997812271118,0.9993997812271118,1
Brick Kiln,18,5,0.9993780255317688,0.9993844032287598,3
Brick Kiln,18,10,0.999350905418396,0.9993425607681274,7
Brick Kiln,18,25,0.9993172287940979,0.9993112087249756,13
Brick Kiln,18,50,0.9992836713790894,0.9992750287055969,20
Brick Kiln,18,100,0.9992477297782898,0.9992299675941467,26
Brick Kiln,18,250,0.9991980791091919,0.9991867542266846,32
Brick Kiln,18,500,0.9991524815559387,0.9991384744644165,36
Brick Kiln,19,1,0.9993289113044739,0.9993289113044739,1
Brick Kiln,19,5,0.999274730682373,0.9992679357528687,5
Brick Kiln,19,10,0.9992364048957825,0.999234676361084,7
Brick Kiln,19,25,0.9991613030433655,0.9991339445114136,10
Brick Kiln,19,50,0.9990972280502319,0.9990676641464233,16
Brick Kiln,19,100,0.9990166425704956,0.9989977478981018,18
Brick Kiln,19,250,0.9988803267478943,0.998840868473053,26
Brick Kiln,19,500,0.9987494945526123,0.9987168312072754,34
Metro Shed,0,1,0.9994390606880188,0.9994390606880188,1
Metro Shed,0,5,0.9994055032730103,0.9994078874588013,4
Metro Shed,0,10,0.9993823766708374,0.9993699789047241,8
Metro Shed,0,25,0.9993416666984558,0.9993250370025635,11
Metro Shed,0,50,0.9993086457252502,0.9992954730987549,19
Metro Shed,0,100,0.9992672204971313,0.9992533922195435,28
Metro Shed,0,250,0.9991998076438904,0.9991820454597473,36
Metro Shed,0,500,0.9991388916969299,0.9991129636764526,36
Metro Shed,1,1,0.9996510744094849,0.9996510744094849,1
Metro Shed,1,5,0.9996164441108704,0.999607503414154,4
Metro Shed,1,10,0.9995930790901184,0.9995831251144409,7
Metro Shed,1,25,0.9995539784431458,0.9995412230491638,11
Metro Shed,1,50,0.9995233416557312,0.9995144605636597,14
Metro Shed,1,100,0.9994876384735107,0.999474287033081,16
Metro Shed,1,250,0.9994375705718994,0.9994218349456787,23
Metro Shed,1,500,0.9993940591812134,0.9993777871131897,31
Solar Panel,0,1,0.9995041489601135,0.9995041489601135,1
Solar Panel,0,5,0.999464213848114,0.9994646310806274,3
Solar Panel,0,10,0.9994133114814758,0.9994001984596252,7
Solar Panel,0,25,0.9993377923965454,0.9993212223052979,10
Solar Panel,0,50,0.9992841482162476,0.9992560148239136,15
Solar Panel,0,100,0.9992320537567139,0.9992116689682007,22
Solar Panel,0,250,0.9991446137428284,0.9991253614425659,28
Solar Panel,0,500,0.999059796333313,0.9990345239639282,32
Solar Panel,1,1,0.9997888207435608,0.9997888207435608,1
Solar Panel,1,5,0.9997720718383789,0.9997687935829163,1
Solar Panel,1,10,0.9997655153274536,0.9997603893280029,2
Solar Panel,1,25,0.9997548460960388,0.9997508525848389,3
Solar Panel,1,50,0.9997432231903076,0.9997419118881226,4
Solar Panel,1,100,0.9997288584709167,0.9997239708900452,6
Solar Panel,1,250,0.9996982216835022,0.9996960163116455,8
Solar Panel,1,500,0.9996579885482788,0.9996529221534729,11
Solar Panel,2,1,0.9994476437568665,0.9994476437568665,1
Solar Panel,2,5,0.9993711709976196,0.9993546605110168,3
Solar Panel,2,10,0.9993298649787903,0.9993220567703247,5
Solar Panel,2,25,0.999285876750946,0.9992733001708984,9
Solar Panel,2,50,0.9992481470108032,0.9992371797561646,12
Solar Panel,2,100,0.999204158782959,0.9991927146911621,16
Solar Panel,2,250,0.9991324543952942,0.9991121292114258,20
Solar Panel,2,500,0.9990716576576233,0.9990492463111877,24
Solar Panel,3,1,0.9995758533477783,0.9995758533477783,1
Solar Panel,3,5,0.9995465278625488,0.9995469450950623,4
Solar Panel,3,10,0.9995220303535461,0.9995205402374268,6
Solar Panel,3,25,0.9994720220565796,0.9994540214538574,7
Solar Panel,3,50,0.9994276165962219,0.9994134902954102,10
Solar Panel,3,100,0.9993842244148254,0.9993680119514465,14
Solar Panel,3,250,0.9993106722831726,0.9992915391921997,19
Solar Panel,3,500,0.9992408156394958,0.9992207884788513,24
Solar Panel,4,1,0.9996896386146545,0.9996896386146545,1
Solar Panel,4,5,0.9996165037155151,0.9995841979980469,1
Solar Panel,4,10,0.9995871782302856,0.9995700120925903,3
Solar Panel,4,25,0.9995520114898682,0.9995400309562683,6
Solar Panel,4,50,0.9995187520980835,0.9995099902153015,6
Solar Panel,4,100,0.999479353427887,0.999462366104126,9
Solar Panel,4,250,0.9994187951087952,0.9994025826454163,11
Solar Panel,4,500,0.9993608593940735,0.9993445873260498,18
Solar Panel,5,1,0.9994350671768188,0.9994350671768188,1
Solar Panel,5,5,0.999345600605011,0.9993254542350769,3
Solar Panel,5,10,0.9993141293525696,0.9993038177490234,6
Solar Panel,5,25,0.9992457628250122,0.9992352724075317,10
Solar Panel,5,50,0.9991978406906128,0.999171257019043,18
Solar Panel,5,100,0.9991503953933716,0.9991274476051331,23
Solar Panel,5,250,0.999081552028656,0.9990583658218384,27
Solar Panel,5,500,0.9990243315696716,0.9990043640136719,32
Solar Panel,6,1,0.9996473789215088,0.9996473789215088,1
Solar Panel,6,5,0.9995558857917786,0.9995378255844116,3
Solar Panel,6,10,0.9995073080062866,0.99948650598526,4
Solar Panel,6,25,0.999457836151123,0.9994403123855591,6
Solar Panel,6,50,0.9994184970855713,0.9994038343429565,10
Solar Panel,6,100,0.9993779063224792,0.9993639588356018,12
Solar Panel,6,250,0.9993140697479248,0.999295711517334,18
Solar Panel,6,500,0.9992560148239136,0.9992355704307556,25
Solar Panel,7,1,0.9996516704559326,0.9996516704559326,1
Solar Panel,7,5,0.9996150732040405,0.9996113181114197,3
Solar Panel,7,10,0.9995896220207214,0.9995932579040527,6
Solar Panel,7,25,0.9995514154434204,0.9995362758636475,8
Solar Panel,7,50,0.9995201826095581,0.9995118379592896,12
Solar Panel,7,100,0.9994810223579407,0.9994747638702393,17
Solar Panel,7,250,0.9994168877601624,0.9993929862976074,20
Solar Panel,7,500,0.999358057975769,0.9993412494659424,24
Solar Panel,8,1,0.9996398687362671,0.9996398687362671,1
Solar Panel,8,5,0.9996117353439331,0.9996020197868347,2
Solar Panel,8,10,0.9995899200439453,0.9995852708816528,3
Solar Panel,8,25,0.999549925327301,0.9995319247245789,4
Solar Panel,8,50,0.9995210766792297,0.9995076656341553,7
Solar Panel,8,100,0.9994900226593018,0.9994794130325317,10
Solar Panel,8,250,0.9994334578514099,0.9994240999221802,13
Solar Panel,8,500,0.9993734359741211,0.9993575811386108,17
Solar Panel,9,1,0.9996321797370911,0.9996321797370911,1
Solar Panel,9,5,0.9996124505996704,0.999608039855957,3
Solar Panel,9,10,0.9995844960212708,0.9995800256729126,5
Solar Panel,9,25,0.9995390176773071,0.9995266199111938,7
Solar Panel,9,50,0.9995063543319702,0.9994910359382629,10
Solar Panel,9,100,0.9994664192199707,0.9994522333145142,12
Solar Panel,9,250,0.9994058609008789,0.9993883371353149,14
Solar Panel,9,500,0.9993528723716736,0.9993337392807007,16
Solar Panel,10,1,0.9995841383934021,0.9995841383934021,1
Solar Panel,10,5,0.9995214343070984,0.9994847178459167,3
Solar Panel,10,10,0.9994959831237793,0.9994763135910034,4
Solar Panel,10,25,0.9994572401046753,0.9994455575942993,8
Solar Panel,10,50,0.9994204640388489,0.9994090795516968,13
Solar Panel,10,100,0.9993739128112793,0.9993538856506348,16
Solar Panel,10,250,0.9992915987968445,0.9992767572402954,25
Solar Panel,10,500,0.9992175102233887,0.9991859793663025,31
Solar Panel,11,1,0.9994863271713257,0.9994863271713257,1
Solar Panel,11,5,0.9994354248046875,0.9994243383407593,3
Solar Panel,11,10,0.9994215965270996,0.9994162321090698,5
Solar Panel,11,25,0.9993923902511597,0.9993909597396851,8
Solar Panel,11,50,0.999360203742981,0.9993473291397095,14
Solar Panel,11,100,0.9993252754211426,0.9993083477020264,18
Solar Panel,11,250,0.9992766976356506,0.9992624521255493,23
Solar Panel,11,500,0.9992308616638184,0.9992204308509827,31
Solar Panel,12,1,0.9993100762367249,0.9993100762367249,1
Solar Panel,12,5,0.9992497563362122,0.9992378950119019,4
Solar Panel,12,10,0.9992232322692871,0.9992093443870544,6
Solar Panel,12,25,0.999195396900177,0.9991874694824219,9
Solar Panel,12,50,0.9991711378097534,0.9991662502288818,15
Solar Panel,12,100,0.9991400241851807,0.999130129814148,18
Solar Panel,12,250,0.9990881085395813,0.9990748763084412,20
Solar Panel,12,500,0.9990436434745789,0.9990271925926208,23
Solar Panel,13,1,0.9995391368865967,0.9995391368865967,1
Solar Panel,13,5,0.9994711875915527,0.9994596242904663,5
Solar Panel,13,10,0.9994462728500366,0.9994335770606995,6
Solar Panel,13,25,0.9994049668312073,0.999393880367279,12
Solar Panel,13,50,0.9993643760681152,0.999363124370575,15
Solar Panel,13,100,0.9993181824684143,0.9992997646331787,19
Solar Panel,13,250,0.9992451071739197,0.9992260932922363,23
Solar Panel,13,500,0.9991779923439026,0.999157190322876,26
Solar Panel,14,1,0.9996622800827026,0.9996622800827026,1
Solar Panel,14,5,0.9995653033256531,0.9995417594909668,5
Solar Panel,14,10,0.9995460510253906,0.9995381236076355,6
Solar Panel,14,25,0.9995148181915283,0.9995096921920776,10
Solar Panel,14,50,0.9994854927062988,0.9994754195213318,12
Solar Panel,14,100,0.9994499683380127,0.9994409084320068,15
Solar Panel,14,250,0.9993928670883179,0.9993756413459778,19
Solar Panel,14,500,0.999340832233429,0.9993274807929993,27
Solar Panel,15,1,0.9998627305030823,0.9998627305030823,1
Solar Panel,15,5,0.9998437166213989,0.9998415112495422,3
Solar Panel,15,10,0.99983149766922,0.999829113483429,3
Solar Panel,15,25,0.9998149871826172,0.999808669090271,3
Solar Panel,15,50,0.9998003244400024,0.9997955560684204,6
Solar Panel,15,100,0.9997793436050415,0.9997721314430237,6
Solar Panel,15,250,0.9997395277023315,0.9997323751449585,7
Solar Panel,15,500,0.999695360660553,0.99968421459198,11
Solar Panel,16,1,0.999538242816925,0.999538242816925,1
Solar Panel,16,5,0.9995114207267761,0.9995075464248657,3
Solar Panel,16,10,0.9994990229606628,0.9994919300079346,6
Solar Panel,16,25,0.9994722008705139,0.9994655251502991,8
Solar Panel,16,50,0.9994444251060486,0.9994378685951233,10
Solar Panel,16,100,0.9994099140167236,0.999398946762085,16
Solar Panel,16,250,0.9993621110916138,0.9993495941162109,22
Solar Panel,16,500,0.9993203282356262,0.999305248260498,24
Solar Panel,17,1,0.9996040463447571,0.9996040463447571,1
Solar Panel,17,5,0.9995242357254028,0.9994915127754211,2
Solar Panel,17,10,0.9994909167289734,0.9994804859161377,3
Solar Panel,17,25,0.9994430541992188,0.9994245767593384,7
Solar Panel,17,50,0.9993938207626343,0.999392032623291,10
Solar Panel,17,100,0.9993298053741455,0.9993138313293457,17
Solar Panel,17,250,0.9992091059684753,0.9991745948791504,24
Solar Panel,17,500,0.9991071820259094,0.9990640878677368,31
Solar Panel,18,1,0.9995123147964478,0.9995123147964478,1
Solar Panel,18,5,0.999468207359314,0.9994848370552063,2
Solar Panel,18,10,0.99943608045578,0.9994163513183594,4
Solar Panel,18,25,0.9993977546691895,0.9993897080421448,8
Solar Panel,18,50,0.999363124370575,0.999343752861023,11
Solar Panel,18,100,0.9993269443511963,0.9993181228637695,19
Solar Panel,18,250,0.999266505241394,0.9992518424987793,22
Solar Panel,18,500,0.9992104768753052,0.99919193983078,30
Solar Panel,19,1,0.9995992183685303,0.9995992183685303,1
Solar Panel,19,5,0.999588131904602,0.9995853900909424,4
Solar Panel,19,10,0.9995733499526978,0.9995810985565186,6
Solar Panel,19,25,0.9995452761650085,0.9995418190956116,9
Solar Panel,19,50,0.9995221495628357,0.9995095729827881,11
Solar Panel,19,100,0.9994932413101196,0.9994884729385376,13
Solar Panel,19,250,0.9994470477104187,0.9994354248046875,14
Solar Panel,19,500,0.9994058012962341,0.9993919134140015,17
Solar Panel,20,1,0.9993928074836731,0.9993928074836731,1
Solar Panel,20,5,0.9993699193000793,0.9993717670440674,4
Solar Panel,20,10,0.9993489384651184,0.9993436336517334,7
Solar Panel,20,25,0.9993003010749817,0.9992794990539551,9
Solar Panel,20,50,0.9992594718933105,0.9992392063140869,12
Solar Panel,20,100,0.9992141723632812,0.9992011785507202,18
Solar Panel,20,250,0.9991499781608582,0.9991292953491211,25
Solar Panel,20,500,0.9990885257720947,0.9990730881690979,32
Solar Panel,21,1,0.9997138977050781,0.9997138977050781,1
Solar Panel,21,5,0.9996846318244934,0.9996898770332336,3
Solar Panel,21,10,0.9996560215950012,0.9996470212936401,5
Solar Panel,21,25,0.9996151924133301,0.9996017813682556,8
Solar Panel,21,50,0.9995766282081604,0.9995667338371277,10
Solar Panel,21,100,0.9995315074920654,0.9995153546333313,12
Solar Panel,21,250,0.9994633197784424,0.9994440674781799,17
Solar Panel,21,500,0.9994000792503357,0.9993805885314941,23
Solar Panel,22,1,0.9996931552886963,0.9996931552886963,1
Solar Panel,22,5,0.9996536374092102,0.9996470808982849,4
Solar Panel,22,10,0.9996110796928406,0.999610424041748,6
Solar Panel,22,25,0.9995574951171875,0.9995381832122803,9
Solar Panel,22,50,0.9995144009590149,0.9995042085647583,10
Solar Panel,22,100,0.9994690418243408,0.9994535446166992,14
Solar Panel,22,250,0.9993962645530701,0.9993773698806763,22
Solar Panel,22,500,0.9993271231651306,0.9993076324462891,28
Solar Panel,23,1,0.9994985461235046,0.9994985461235046,1
Solar Panel,23,5,0.9994876980781555,0.9994887113571167,4
Solar Panel,23,10,0.9994672536849976,0.9994664192199707,5
Solar Panel,23,25,0.9994333386421204,0.999416172504425,8
Solar Panel,23,50,0.9993980526924133,0.9993987679481506,11
Solar Panel,23,100,0.9993587732315063,0.9993451833724976,15
Solar Panel,23,250,0.9992856383323669,0.9992691278457642,18
Solar Panel,23,500,0.9992206692695618,0.9991971254348755,25
Play Ground,0,1,0.9994905591011047,0.9994905591011047,1
Play Ground,0,5,0.9994649887084961,0.9994579553604126,3
Play Ground,0,10,0.9994499087333679,0.9994487762451172,6
Play Ground,0,25,0.9993999600410461,0.9994049668312073,10
Play Ground,0,50,0.9993610978126526,0.9993443489074707,14
Play Ground,0,100,0.9993125796318054,0.9992933869361877,24
Play Ground,0,250,0.9992414712905884,0.9992178678512573,32
Play Ground,0,500,0.9991888403892517,0.9991629719734192,37
Play Ground,1,1,0.999423086643219,0.999423086643219,1
Play Ground,1,5,0.9993845224380493,0.9993804693222046,5
Play Ground,1,10,0.9993562698364258,0.9993458390235901,9
Play Ground,1,25,0.9993171095848083,0.9993122816085815,16
Play Ground,1,50,0.999274730682373,0.9992636442184448,25
Play Ground,1,100,0.9992327094078064,0.9992148876190186,28
Play Ground,1,250,0.9991571307182312,0.9991363286972046,38
Play Ground,1,500,0.9990869760513306,0.9990627765655518,39
Play Ground,2,1,0.9996335506439209,0.9996335506439209,1
Play Ground,2,5,0.9995955228805542,0.9995983839035034,5
Play Ground,2,10,0.9995640516281128,0.9995510578155518,8
Play Ground,2,25,0.9995312690734863,0.9995139837265015,12
Play Ground,2,50,0.9995089769363403,0.9994990229606628,14
Play Ground,2,100,0.9994842410087585,0.9994754195213318,16
Play Ground,2,250,0.9994470477104187,0.9994401931762695,23
Play Ground,2,500,0.9994121193885803,0.9994009733200073,33
Play Ground,3,1,0.9995130896568298,0.9995130896568298,1
Play Ground,3,5,0.9994823336601257,0.99949049949646,5
Play Ground,3,10,0.9994540214538574,0.9994502067565918,8
Play Ground,3,25,0.9993835687637329,0.9993695616722107,13
Play Ground,3,50,0.9993329644203186,0.9993033409118652,19
Play Ground,3,100,0.9992781281471252,0.9992632269859314,27
Play Ground,3,250,0.999191403388977,0.9991737604141235,35
Play Ground,3,500,0.9991176724433899,0.9990888833999634,39
Play Ground,4,1,0.999640941619873,0.999640941619873,1
Play Ground,4,5,0.9995599985122681,0.9995402693748474,3
Play Ground,4,10,0.9995365142822266,0.9995290040969849,7
Play Ground,4,25,0.9995022416114807,0.9994879961013794,8
Play Ground,4,50,0.9994713068008423,0.9994657039642334,8
Play Ground,4,100,0.9994330406188965,0.999422550201416,10
Play Ground,4,250,0.9993768334388733,0.9993628263473511,15
Play Ground,4,500,0.999326765537262,0.999312162399292,27
Play Ground,5,1,0.9997566342353821,0.9997566342353821,1
Play Ground,5,5,0.9996976852416992,0.99969083070755,3
Play Ground,5,10,0.9996105432510376,0.9995981454849243,4
Play Ground,5,25,0.9994637370109558,0.9994425773620605,8
Play Ground,5,50,0.9992711544036865,0.999266505241394,12
Play Ground,5,100,0.999025285243988,0.9989498853683472,16
Play Ground,5,250,0.9984813332557678,0.9984108209609985,24
Play Ground,5,500,0.9977632761001587,0.997687578201294,33
Play Ground,6,1,0.9993640184402466,0.9993640184402466,1
Play Ground,6,5,0.9993103742599487,0.999299943447113,3
Play Ground,6,10,0.9992774128913879,0.9992655515670776,6
Play Ground,6,25,0.9992355108261108,0.999222993850708,13
Play Ground,6,50,0.9991955757141113,0.9991897344589233,19
Play Ground,6,100,0.9991471767425537,0.9991355538368225,24
Play Ground,6,250,0.9990727305412292,0.999046802520752,28
Play Ground,6,500,0.9990116357803345,0.9989905953407288,31
Play Ground,7,1,0.9992824792861938,0.9992824792861938,1
Play Ground,7,5,0.9992431402206421,0.9992457628250122,5
Play Ground,7,10,0.9991985559463501,0.9991891980171204,8
Play Ground,7,25,0.9991220235824585,0.9991039037704468,16
Play Ground,7,50,0.9990556240081787,0.9990156292915344,20
Play Ground,7,100,0.9989936947822571,0.9989675283432007,23
Play Ground,7,250,0.9989016056060791,0.9988762140274048,28
Play Ground,7,500,0.9988236427307129,0.9987932443618774,36
Play Ground,8,1,0.9992648363113403,0.9992648363113403,1
Play Ground,8,5,0.9992515444755554,0.9992482662200928,5
Play Ground,8,10,0.9992359280586243,0.999232292175293,9
Play Ground,8,25,0.9991974830627441,0.999183177947998,12
Play Ground,8,50,0.9991639852523804,0.9991516470909119,19
Play Ground,8,100,0.9991244673728943,0.9991104602813721,23
Play Ground,8,250,0.999056875705719,0.9990389347076416,31
Play Ground,8,500,0.9989982843399048,0.9989757537841797,38
Play Ground,9,1,0.9992595314979553,0.9992595314979553,1
Play Ground,9,5,0.9992178082466125,0.9992167949676514,5
Play Ground,9,10,0.9991898536682129,0.9991720914840698,8
Play Ground,9,25,0.9991447329521179,0.9991360902786255,16
Play Ground,9,50,0.9990924596786499,0.9990819692611694,24
Play Ground,9,100,0.9990389943122864,0.9990172386169434,28
Play Ground,9,250,0.9989664554595947,0.9989430904388428,34
Play Ground,9,500,0.998902440071106,0.9988839030265808,38
Play Ground,10,1,0.9994549751281738,0.9994549751281738,1
Play Ground,10,5,0.9994203448295593,0.9994351267814636,4
Play Ground,10,10,0.9993941187858582,0.9993748664855957,9
Play Ground,10,25,0.9993593096733093,0.9993479251861572,17
Play Ground,10,50,0.9993350505828857,0.9993231296539307,22
Play Ground,10,100,0.9993057250976562,0.9993007183074951,25
Play Ground,10,250,0.9992555975914001,0.9992479681968689,34
Play Ground,10,500,0.9992049336433411,0.999189019203186,39
Play Ground,11,1,0.9994894862174988,0.9994894862174988,1
Play Ground,11,5,0.9994446635246277,0.9994331002235413,3
Play Ground,11,10,0.9994230270385742,0.9994127750396729,4
Play Ground,11,25,0.999387264251709,0.9993798732757568,12
Play Ground,11,50,0.9993547201156616,0.9993360638618469,16
Play Ground,11,100,0.9993228316307068,0.9993115663528442,20
Play Ground,11,250,0.999273419380188,0.999260663986206,30
Play Ground,11,500,0.9992274641990662,0.999213457107544,33
Play Ground,12,1,0.9994479417800903,0.9994479417800903,1
Play Ground,12,5,0.9994364976882935,0.9994354248046875,5
Play Ground,12,10,0.9994214177131653,0.9994193911552429,9
Play Ground,12,25,0.9993934631347656,0.9993804693222046,18
Play Ground,12,50,0.9993695616722107,0.9993653893470764,24
Play Ground,12,100,0.9993420243263245,0.9993310570716858,32
Play Ground,12,250,0.999303936958313,0.9992902278900146,38
Play Ground,12,500,0.9992715120315552,0.9992597699165344,39
Play Ground,13,1,0.9995729923248291,0.9995729923248291,1
Play Ground,13,5,0.9995430111885071,0.9995490908622742,5
Play Ground,13,10,0.999517560005188,0.9995081424713135,7
Play Ground,13,25,0.999472975730896,0.9994471073150635,16
Play Ground,13,50,0.99944669008255,0.9994328618049622,25
Play Ground,13,100,0.9994207620620728,0.9994109869003296,29
Play Ground,13,250,0.9993804693222046,0.9993695020675659,34
Play Ground,13,500,0.999343991279602,0.9993303418159485,38
Play Ground,14,1,0.9995818138122559,0.9995818138122559,1
Play Ground,14,5,0.9995130300521851,0.9994820952415466,4
Play Ground,14,10,0.9994829297065735,0.9994733929634094,7
Play Ground,14,25,0.9994434118270874,0.9994357824325562,18
Play Ground,14,50,0.9994136691093445,0.9994022846221924,24
Play Ground,14,100,0.999382495880127,0.9993724822998047,36
Play Ground,14,250,0.9993350505828857,0.9993200302124023,38
Play Ground,14,500,0.9992907643318176,0.9992796182632446,39
Play Ground,15,1,0.9993585348129272,0.9993585348129272,1
Play Ground,15,5,0.9993492364883423,0.9993547797203064,4
Play Ground,15,10,0.9993282556533813,0.9993354082107544,8
Play Ground,15,25,0.9992964863777161,0.9992883801460266,14
Play Ground,15,50,0.9992702007293701,0.9992574453353882,22
Play Ground,15,100,0.9992395043373108,0.9992274045944214,27
Play Ground,15,250,0.9991896748542786,0.999175488948822,32
Play Ground,15,500,0.9991456270217896,0.9991282224655151,36
Play Ground,16,1,0.9993659853935242,0.9993659853935242,1
Play Ground,16,5,0.9993181228637695,0.9993056654930115,5
Play Ground,16,10,0.9992721676826477,0.9992650151252747,8
Play Ground,16,25,0.9992202520370483,0.9991977214813232,18
Play Ground,16,50,0.9991758465766907,0.9991507530212402,21
Play Ground,16,100,0.9991335272789001,0.999115526676178,30
Play Ground,16,250,0.9990678429603577,0.9990459084510803,36
Play Ground,16,500,0.999014675617218,0.9989960193634033,38
STP,0,1,0.9996177554130554,0.9996177554130554,1
STP,0,5,0.9995846748352051,0.9995909929275513,3
STP,0,10,0.9995611906051636,0.9995468258857727,7
STP,0,25,0.9995343685150146,0.9995263814926147,14
STP,0,50,0.999512791633606,0.9995022416114807,21
STP,0,100,0.9994905591011047,0.9994794726371765,24
STP,0,250,0.9994602203369141,0.99945068359375,28
STP,0,500,0.999432384967804,0.9994237422943115,31
STP,1,1,0.9995566606521606,0.9995566606521606,1
STP,1,5,0.9995219111442566,0.9995158910751343,5
STP,1,10,0.9995092153549194,0.999502420425415,7
STP,1,25,0.999488890171051,0.9994884729385376,11
STP,1,50,0.9994717240333557,0.9994654655456543,20
STP,1,100,0.9994511604309082,0.999444842338562,25
STP,1,250,0.9994183778762817,0.9994107484817505,29
STP,1,500,0.999382734298706,0.999377965927124,33
STP,2,1,0.999550461769104,0.999550461769104,1
STP,2,5,0.9995228052139282,0.9995154142379761,4
STP,2,10,0.9995018243789673,0.9995014667510986,8
STP,2,25,0.9994709491729736,0.9994631409645081,17
STP,2,50,0.9994441866874695,0.9994338750839233,24
STP,2,100,0.9994160532951355,0.999406099319458,28
STP,2,250,0.9993773698806763,0.9993664622306824,34
STP,2,500,0.9993448853492737,0.9993321895599365,34
STP,3,1,0.9996013641357422,0.9996013641357422,1
STP,3,5,0.9995723962783813,0.9995673894882202,3
STP,3,10,0.9995578527450562,0.9995520114898682,6
STP,3,25,0.99953293800354,0.9995269775390625,14
STP,3,50,0.9995118975639343,0.9995027780532837,19
STP,3,100,0.9994906783103943,0.9994814991950989,22
STP,3,250,0.9994556903839111,0.9994462728500366,27
STP,3,500,0.9994252920150757,0.9994149208068848,28
STP,4,1,0.9995248913764954,0.9995248913764954,1
STP,4,5,0.9995089769363403,0.9995087385177612,4
STP,4,10,0.9994912147521973,0.9994865655899048,6
STP,4,25,0.9994640946388245,0.9994600415229797,11
STP,4,50,0.9994399547576904,0.9994338750839233,18
STP,4,100,0.9994123578071594,0.9993986487388611,24
STP,4,250,0.9993711709976196,0.9993625283241272,30
STP,4,500,0.9993339776992798,0.9993190765380859,35
STP,5,1,0.9994900226593018,0.9994900226593018,1
STP,5,5,0.9994494318962097,0.9994387626647949,4
STP,5,10,0.9994255900382996,0.9994087219238281,8
STP,5,25,0.9993983507156372,0.9993921518325806,16
STP,5,50,0.9993676543235779,0.9993618130683899,21
STP,5,100,0.9993354678153992,0.999319851398468,31
STP,5,250,0.9992855191230774,0.9992737770080566,34
STP,5,500,0.9992406368255615,0.9992246627807617,38
STP,6,1,0.9993497133255005,0.9993497133255005,1
STP,6,5,0.9993273019790649,0.9993249177932739,4
STP,6,10,0.9993062019348145,0.99930739402771,7
STP,6,25,0.9992766380310059,0.999262273311615,14
STP,6,50,0.9992550611495972,0.9992471933364868,21
STP,6,100,0.9992321729660034,0.9992238879203796,23
STP,6,250,0.9991952180862427,0.9991852045059204,27
STP,6,500,0.9991610050201416,0.9991502165794373,28
STP,7,1,0.999247133731842,0.999247133731842,1
STP,7,5,0.9991780519485474,0.9991639852523804,5
STP,7,10,0.9991503953933716,0.9991328716278076,9
STP,7,25,0.9991133809089661,0.9991000890731812,17
STP,7,50,0.999082624912262,0.9990710616111755,24
STP,7,100,0.9990475177764893,0.9990359544754028,24
STP,7,250,0.9989952445030212,0.9989801645278931,29
STP,7,500,0.998950183391571,0.9989355802536011,34
STP,8,1,0.9996727705001831,0.9996727705001831,1
STP,8,5,0.999616265296936,0.9996034502983093,4
STP,8,10,0.9995994567871094,0.999590277671814,6
STP,8,25,0.9995747208595276,0.999567985534668,15
STP,8,50,0.999553918838501,0.999548077583313,18
STP,8,100,0.9995256066322327,0.9995204210281372,24
STP,8,250,0.9994813203811646,0.9994688630104065,27
STP,8,500,0.9994436502456665,0.9994300007820129,30
STP,9,1,0.9997690320014954,0.9997690320014954,1
STP,9,5,0.9997566938400269,0.9997519254684448,4
STP,9,10,0.9997434616088867,0.9997438788414001,4
STP,9,25,0.9997226595878601,0.9997143745422363,8
STP,9,50,0.9997076392173767,0.9997007250785828,12
STP,9,100,0.9996880888938904,0.9996817708015442,13
STP,9,250,0.999656617641449,0.9996479749679565,20
STP,9,500,0.9996282458305359,0.999620795249939,27
STP,10,1,0.9997445940971375,0.9997445940971375,1
STP,10,5,0.9997377395629883,0.9997347593307495,2
STP,10,10,0.999732494354248,0.9997329711914062,5
STP,10,25,0.9997103810310364,0.9997104406356812,9
STP,10,50,0.9996875524520874,0.999677836894989,14
STP,10,100,0.9996635913848877,0.9996523857116699,18
STP,10,250,0.9996275305747986,0.9996193051338196,23
STP,10,500,0.9995951056480408,0.999584436416626,26
STP,11,1,0.9997023344039917,0.9997023344039917,1
STP,11,5,0.9996680021286011,0.9996752142906189,4
STP,11,10,0.9996457099914551,0.999631404876709,7
STP,11,25,0.9996234774589539,0.9996131062507629,11
STP,11,50,0.9996057748794556,0.9995982646942139,15
STP,11,100,0.9995865821838379,0.9995808601379395,22
STP,11,250,0.9995543360710144,0.9995472431182861,29
STP,11,500,0.9995229840278625,0.9995129704475403,31
STP,12,1,0.9996470212936401,0.9996470212936401,1
STP,12,5,0.9996272921562195,0.9996272921562195,5
STP,12,10,0.999610424041748,0.9996040463447571,8
STP,12,25,0.9995837211608887,0.9995812773704529,13
STP,12,50,0.999562680721283,0.999555230140686,16
STP,12,100,0.9995397925376892,0.9995303153991699,22
STP,12,250,0.9995052218437195,0.9994966983795166,24
STP,12,500,0.999474287033081,0.999464750289917,30
STP,13,1,0.999443769454956,0.999443769454956,1
STP,13,5,0.9994274377822876,0.9994322061538696,3
STP,13,10,0.9994044303894043,0.999401867389679,5
STP,13,25,0.9993690252304077,0.9993616938591003,8
STP,13,50,0.9993409514427185,0.9993270635604858,11
STP,13,100,0.999309241771698,0.9993003606796265,15
STP,13,250,0.999261736869812,0.9992508888244629,25
STP,13,500,0.9992169141769409,0.999201238155365,36
STP,14,1,0.9995171427726746,0.9995171427726746,1
STP,14,5,0.9994797706604004,0.9994822144508362,3
STP,14,10,0.9994562864303589,0.9994471669197083,6
STP,14,25,0.9994218945503235,0.9994195103645325,12
STP,14,50,0.9993939995765686,0.9993758201599121,14
STP,14,100,0.9993633031845093,0.9993526339530945,21
STP,14,250,0.9993094205856323,0.9992961883544922,33
STP,14,500,0.9992580413818359,0.9992425441741943,38
STP,15,1,0.9993851184844971,0.9993851184844971,1
STP,15,5,0.9993049502372742,0.9992892742156982,5
STP,15,10,0.999276340007782,0.999262809753418,8
STP,15,25,0.999229907989502,0.9992204308509827,11
STP,15,50,0.9991843700408936,0.9991651773452759,14
STP,15,100,0.9991400241851807,0.9991228580474854,20
STP,15,250,0.9990735650062561,0.9990555047988892,34
STP,15,500,0.9990118741989136,0.9989911317825317,38
STP,16,1,0.9991260766983032,0.9991260766983032,1
STP,16,5,0.9989523887634277,0.9989417791366577,4
STP,16,10,0.9988868832588196,0.9988513588905334,6
STP,16,25,0.9988008141517639,0.9987541437149048,11
STP,16,50,0.9987336993217468,0.9987220764160156,20
STP,16,100,0.9986525774002075,0.9986230731010437,31
STP,16,250,0.9985134601593018,0.9984830617904663,35
STP,16,500,0.9983788728713989,0.9983389377593994,39
STP,17,1,0.9990495443344116,0.9990495443344116,1
STP,17,5,0.9990323185920715,0.9990382194519043,5
STP,17,10,0.9989926218986511,0.9989903569221497,8
STP,17,25,0.99891197681427,0.9989112615585327,14
STP,17,50,0.9988174438476562,0.9987857937812805,17
STP,17,100,0.9987180233001709,0.9986855983734131,30
STP,17,250,0.9985672235488892,0.9985172152519226,34
STP,17,500,0.9984428882598877,0.9983968734741211,38
STP,18,1,0.9994885921478271,0.9994885921478271,1
STP,18,5,0.9994667172431946,0.9994803667068481,3
STP,18,10,0.9994257688522339,0.9994264841079712,6
STP,18,25,0.9993714690208435,0.9993512630462646,12
STP,18,50,0.9993179440498352,0.9993031620979309,14
STP,18,100,0.9992549419403076,0.9992283582687378,21
STP,18,250,0.9991592764854431,0.9991307258605957,28
STP,18,500,0.9990711808204651,0.9990479946136475,35
STP,19,1,0.9995108842849731,0.9995108842849731,1
STP,19,5,0.9994751214981079,0.9994623064994812,3
STP,19,10,0.9994540214538574,0.9994375109672546,4
STP,19,25,0.9994262456893921,0.9994215965270996,11
STP,19,50,0.9993915557861328,0.9993847608566284,16
STP,19,100,0.9993529319763184,0.9993383884429932,20
STP,19,250,0.9992895722389221,0.9992735981941223,25
STP,19,500,0.9992325305938721,0.999213457107544,30
STP,20,1,0.9995893239974976,0.9995893239974976,1
STP,20,5,0.9995380640029907,0.9995266199111938,4
STP,20,10,0.9995222091674805,0.99951171875,5
STP,20,25,0.9995018243789673,0.9994964599609375,8
STP,20,50,0.9994865655899048,0.9994814395904541,10
STP,20,100,0.999464213848114,0.9994605779647827,12
STP,20,250,0.9994248151779175,0.9994134306907654,13
STP,20,500,0.9993905425071716,0.9993773102760315,17
STP,21,1,0.999602735042572,0.999602735042572,1
STP,21,5,0.9995718002319336,0.9995648860931396,4
STP,21,10,0.9995527267456055,0.999549388885498,5
STP,21,25,0.9995266795158386,0.9995181560516357,8
STP,21,50,0.9995055198669434,0.9994999766349792,9
STP,21,100,0.9994763731956482,0.999470055103302,11
STP,21,250,0.9994340538978577,0.9994239807128906,16
STP,21,500,0.9993945360183716,0.999383807182312,23
STP,22,1,0.9995924234390259,0.9995924234390259,1
STP,22,5,0.9995676875114441,0.9995602369308472,2
STP,22,10,0.9995487332344055,0.9995476007461548,2
STP,22,25,0.9995096325874329,0.9994902610778809,6
STP,22,50,0.9994798302650452,0.9994665384292603,9
STP,22,100,0.9994493126869202,0.9994393587112427,13
STP,22,250,0.9994027018547058,0.9993916749954224,21
STP,22,500,0.9993641376495361,0.9993498921394348,22
Sheds,0,1,0.9995482563972473,0.9995482563972473,1
Sheds,0,5,0.9995344281196594,0.9995322227478027,5
Sheds,0,10,0.9995217323303223,0.9995172619819641,8
Sheds,0,25,0.9994962811470032,0.9994916915893555,14
Sheds,0,50,0.9994716048240662,0.999466061592102,23
Sheds,0,100,0.9994449019432068,0.9994333982467651,26
Sheds,0,250,0.9994038343429565,0.9993942975997925,30
Sheds,0,500,0.9993623495101929,0.9993544816970825,35
Sheds,1,1,0.9995901584625244,0.9995901584625244,1
Sheds,1,5,0.9995613098144531,0.9995598793029785,5
Sheds,1,10,0.9995425939559937,0.9995318651199341,8
Sheds,1,25,0.9995142221450806,0.9995028972625732,13
Sheds,1,50,0.9994938373565674,0.9994839429855347,19
Sheds,1,100,0.9994666576385498,0.9994610548019409,26
Sheds,1,250,0.9994252324104309,0.999413788318634,35
Sheds,1,500,0.9993874430656433,0.9993762969970703,37
Sheds,2,1,0.9995246529579163,0.9995246529579163,1
Sheds,2,5,0.9995024800300598,0.9994978904724121,5
Sheds,2,10,0.9994919896125793,0.9994902610778809,6
Sheds,2,25,0.9994623064994812,0.9994506239891052,12
Sheds,2,50,0.9994357824325562,0.9994248151779175,20
Sheds,2,100,0.9994075298309326,0.9993957281112671,25
Sheds,2,250,0.9993654489517212,0.9993540048599243,37
Sheds,2,500,0.9993283748626709,0.9993166923522949,39
Sheds,3,1,0.9991832375526428,0.9991832375526428,1
Sheds,3,5,0.9991575479507446,0.9991708397865295,5
Sheds,3,10,0.9990992546081543,0.9990878105163574,7
Sheds,3,25,0.9990166425704956,0.9990071058273315,13
Sheds,3,50,0.9989436268806458,0.9989209771156311,22
Sheds,3,100,0.9988610148429871,0.9988291263580322,29
Sheds,3,250,0.998725950717926,0.9986979961395264,38
Sheds,3,500,0.9985845685005188,0.998554527759552,38
Sheds,4,1,0.9991868734359741,0.9991868734359741,1
Sheds,4,5,0.9990847706794739,0.9990462064743042,4
Sheds,4,10,0.9990010261535645,0.9989721775054932,8
Sheds,4,25,0.9989188313484192,0.9988902807235718,16
Sheds,4,50,0.9988451600074768,0.9988276362419128,18
Sheds,4,100,0.9987461566925049,0.9987077713012695,28
Sheds,4,250,0.9985898733139038,0.9985413551330566,35
Sheds,4,500,0.9984539747238159,0.9984155893325806,37
Sheds,5,1,0.9989668726921082,0.9989668726921082,1
Sheds,5,5,0.9987184405326843,0.998664140701294,5
Sheds,5,10,0.9986485242843628,0.9985912442207336,8
Sheds,5,25,0.998577892780304,0.9985536932945251,17
Sheds,5,50,0.9985179305076599,0.9984936714172363,24
Sheds,5,100,0.9984372854232788,0.998424768447876,32
Sheds,5,250,0.9983006119728088,0.9982755184173584,34
Sheds,5,500,0.9981810450553894,0.9981304407119751,37
Sheds,6,1,0.9991748332977295,0.9991748332977295,1
Sheds,6,5,0.999151349067688,0.9991464018821716,5
Sheds,6,10,0.9991195797920227,0.9991204738616943,8
Sheds,6,25,0.9990705847740173,0.999064028263092,14
Sheds,6,50,0.9990246295928955,0.9990074038505554,20
Sheds,6,100,0.9989752173423767,0.9989553689956665,24
Sheds,6,250,0.9988989233970642,0.9988812208175659,31
Sheds,6,500,0.9988232254981995,0.9988031983375549,36
Sheds,7,1,0.999434769153595,0.999434769153595,1
Sheds,7,5,0.9994155764579773,0.9994155764579773,4
Sheds,7,10,0.999394416809082,0.999384880065918,6
Sheds,7,25,0.9993480443954468,0.999335765838623,10
Sheds,7,50,0.9992824792861938,0.999291181564331,15
Sheds,7,100,0.9991897344589233,0.9991738200187683,19
Sheds,7,250,0.998992383480072,0.9989539980888367,30
Sheds,7,500,0.998778223991394,0.9987298846244812,36
Sheds,8,1,0.9992910027503967,0.9992910027503967,1
Sheds,8,5,0.9991677403450012,0.9991211891174316,5
Sheds,8,10,0.9991292953491211,0.9991075992584229,8
Sheds,8,25,0.9990599155426025,0.9990360140800476,15
Sheds,8,50,0.9989830255508423,0.9989738464355469,24
Sheds,8,100,0.9988958239555359,0.9988601207733154,33
Sheds,8,250,0.9987617135047913,0.99872887134552,36
Sheds,8,500,0.9986437559127808,0.998603880405426,39
Sheds,9,1,0.9995905756950378,0.9995905756950378,1
Sheds,9,5,0.9995738863945007,0.9995681643486023,4
Sheds,9,10,0.9995622634887695,0.9995598793029785,6
Sheds,9,25,0.9995391368865967,0.9995322227478027,9
Sheds,9,50,0.999518871307373,0.9995083808898926,12
Sheds,9,100,0.9994935393333435,0.9994874000549316,16
Sheds,9,250,0.9994502067565918,0.9994398355484009,23
Sheds,9,500,0.9994099140167236,0.9993955492973328,34
Sheds,10,1,0.9993772506713867,0.9993772506713867,1
Sheds,10,5,0.9993406534194946,0.9993332624435425,3
Sheds,10,10,0.9993159174919128,0.9993090629577637,4
Sheds,10,25,0.9992653131484985,0.9992580413818359,9
Sheds,10,50,0.9992123246192932,0.9991893768310547,17
Sheds,10,100,0.999152421951294,0.9991348385810852,24
Sheds,10,250,0.9990618824958801,0.9990363717079163,32
Sheds,10,500,0.9989819526672363,0.9989562034606934,37
Sheds,11,1,0.9994308352470398,0.9994308352470398,1
Sheds,11,5,0.9992917776107788,0.9992473721504211,3
Sheds,11,10,0.9992367029190063,0.9991952776908875,4
Sheds,11,25,0.9991573095321655,0.9991408586502075,9
Sheds,11,50,0.9990771412849426,0.9990606307983398,16
Sheds,11,100,0.9989717602729797,0.9989516735076904,27
Sheds,11,250,0.998812735080719,0.9987635016441345,34
Sheds,11,500,0.9986823797225952,0.9986270666122437,36
Sheds,12,1,0.9995752573013306,0.9995752573013306,1
Sheds,12,5,0.9993476867675781,0.999289333820343,3
Sheds,12,10,0.9993006587028503,0.9992748498916626,6
Sheds,12,25,0.9992443919181824,0.9992328882217407,12
Sheds,12,50,0.9991839528083801,0.9991596341133118,18
Sheds,12,100,0.9991059303283691,0.9990921020507812,26
Sheds,12,250,0.9989822506904602,0.9989550709724426,34
Sheds,12,500,0.9988641738891602,0.9988304376602173,39
Sheds,13,1,0.9992877244949341,0.9992877244949341,1
Sheds,13,5,0.9992393255233765,0.9992585778236389,2
Sheds,13,10,0.9991933703422546,0.9991813898086548,5
Sheds,13,25,0.9991214275360107,0.9991151094436646,11
Sheds,13,50,0.9990484714508057,0.9990372061729431,21
Sheds,13,100,0.9989739060401917,0.9989403486251831,28
Sheds,13,250,0.9988753795623779,0.9988390207290649,36
Sheds,13,500,0.9987935423851013,0.9987614154815674,38
Sheds,14,1,0.9995293617248535,0.9995293617248535,1
Sheds,14,5,0.9995072484016418,0.9994940757751465,4
Sheds,14,10,0.9994889497756958,0.9994890689849854,7
Sheds,14,25,0.999461829662323,0.9994527101516724,11
Sheds,14,50,0.999436616897583,0.9994298219680786,13
Sheds,14,100,0.999406099319458,0.9993977546691895,17
Sheds,14,250,0.9993495941162109,0.9993424415588379,29
Sheds,14,500,0.9992973804473877,0.999279260635376,37
Sheds,15,1,0.9992235898971558,0.9992235898971558,1
Sheds,15,5,0.999180018901825,0.9991759657859802,4
Sheds,15,10,0.9991562962532043,0.9991487264633179,8
Sheds,15,25,0.9991251230239868,0.9991135597229004,16
Sheds,15,50,0.9990984201431274,0.9990895390510559,24
Sheds,15,100,0.9990655779838562,0.9990600347518921,30
Sheds,15,250,0.9990115761756897,0.9989988207817078,35
Sheds,15,500,0.9989675283432007,0.9989480972290039,37
Sheds,16,1,0.9992055296897888,0.9992055296897888,1
Sheds,16,5,0.9991944432258606,0.9991940259933472,5
Sheds,16,10,0.9991755485534668,0.9991773366928101,8
Sheds,16,25,0.9991354942321777,0.9991282820701599,18
Sheds,16,50,0.9990995526313782,0.9990858435630798,21
Sheds,16,100,0.999045193195343,0.9990335702896118,31
Sheds,16,250,0.9989637732505798,0.9989417791366577,38
Sheds,16,500,0.9988979697227478,0.9988735318183899,40
Sheds,17,1,0.9993501305580139,0.9993501305580139,1
Sheds,17,5,0.9992945790290833,0.9992777109146118,4
Sheds,17,10,0.9992637634277344,0.9992548227310181,8
Sheds,17,25,0.9992157816886902,0.9992015361785889,18
Sheds,17,50,0.9991714954376221,0.9991534948348999,23
Sheds,17,100,0.9991106986999512,0.9990967512130737,31
Sheds,17,250,0.9990077614784241,0.9989815950393677,37
Sheds,17,500,0.9989093542098999,0.9988810420036316,39
Sheds,18,1,0.9990272521972656,0.9990272521972656,1
Sheds,18,5,0.9989731907844543,0.9989649653434753,5
Sheds,18,10,0.9989479184150696,0.9989415407180786,9
Sheds,18,25,0.998880922794342,0.9988886117935181,16
Sheds,18,50,0.9988114237785339,0.998785138130188,25
Sheds,18,100,0.9987186193466187,0.9986952543258667,28
Sheds,18,250,0.9985843300819397,0.9985463619232178,37
Sheds,18,500,0.9984768033027649,0.9984325766563416,37
Sheds,19,1,0.9992125034332275,0.9992125034332275,1
Sheds,19,5,0.9990687370300293,0.9990444183349609,4
Sheds,19,10,0.9989884495735168,0.9989548921585083,6
Sheds,19,25,0.99889075756073,0.998860239982605,15
Sheds,19,50,0.9988048672676086,0.9987757205963135,18
Sheds,19,100,0.9986788034439087,0.9986555576324463,23
Sheds,19,250,0.9984524250030518,0.9983865022659302,30
Sheds,19,500,0.998242199420929,0.9981815218925476,34
Sheds,20,1,0.999697208404541,0.999697208404541,1
Sheds,20,5,0.9996727705001831,0.9996670484542847,2
Sheds,20,10,0.999660849571228,0.9996569156646729,5
Sheds,20,25,0.9996392130851746,0.9996392130851746,8
Sheds,20,50,0.9996175169944763,0.9996052980422974,9
Sheds,20,100,0.9995936751365662,0.9995898008346558,14
Sheds,20,250,0.999553382396698,0.9995454549789429,18
Sheds,20,500,0.9995151162147522,0.999503493309021,26
Sheds,21,1,0.9993165135383606,0.9993165135383606,1
Sheds,21,5,0.999283492565155,0.9992752075195312,5
Sheds,21,10,0.9992696642875671,0.9992572665214539,9
Sheds,21,25,0.9992519617080688,0.999250054359436,17
Sheds,21,50,0.9992303252220154,0.9992270469665527,24
Sheds,21,100,0.9992020130157471,0.999193549156189,31
Sheds,21,250,0.9991622567176819,0.9991521835327148,36
Sheds,21,500,0.9991266131401062,0.9991151094436646,37
Sheds,22,1,0.9991440773010254,0.9991440773010254,1
Sheds,22,5,0.9990929365158081,0.9990788698196411,4
Sheds,22,10,0.9990519285202026,0.9990355968475342,8
Sheds,22,25,0.9989997148513794,0.9989838600158691,15
Sheds,22,50,0.9989594221115112,0.9989467859268188,27
Sheds,22,100,0.9989181756973267,0.9988998770713806,34
Sheds,22,250,0.9988541007041931,0.9988390207290649,38
Sheds,22,500,0.9987967610359192,0.9987802505493164,39
Sheds,23,1,0.9994000196456909,0.9994000196456909,1
Sheds,23,5,0.999367892742157,0.9993783235549927,3
Sheds,23,10,0.9993146657943726,0.9993107318878174,6
Sheds,23,25,0.9992570281028748,0.9992351531982422,17
Sheds,23,50,0.9992074370384216,0.9991905093193054,25
Sheds,23,100,0.999159038066864,0.9991365671157837,35
Sheds,23,250,0.9990997314453125,0.9990804195404053,38
Sheds,23,500,0.9990524053573608,0.9990331530570984,40
Sheds,24,1,0.9991353154182434,0.9991353154182434,1
Sheds,24,5,0.9991178512573242,0.9991193413734436,5
Sheds,24,10,0.9991061091423035,0.9991065263748169,10
Sheds,24,25,0.9990758299827576,0.9990696310997009,17
Sheds,24,50,0.9990484714508057,0.9990404844284058,24
Sheds,24,100,0.9990191459655762,0.9990047812461853,28
Sheds,24,250,0.998970627784729,0.9989607334136963,36
Sheds,24,500,0.9989277124404907,0.9989100694656372,37
Sheds,25,1,0.9993506073951721,0.9993506073951721,1
Sheds,25,5,0.9993319511413574,0.9993264675140381,4
Sheds,25,10,0.9993149638175964,0.9993174076080322,9
Sheds,25,25,0.9992700219154358,0.9992564916610718,16
Sheds,25,50,0.9992372393608093,0.9992209672927856,25
Sheds,25,100,0.9992048740386963,0.9991918802261353,33
Sheds,25,250,0.9991570115089417,0.9991412162780762,37
Sheds,25,500,0.9991153478622437,0.9991002082824707,37
Sheds,26,1,0.9994746446609497,0.9994746446609497,1
Sheds,26,5,0.9994627833366394,0.9994628429412842,5
Sheds,26,10,0.9994387626647949,0.9994357824325562,6
Sheds,26,25,0.9994075298309326,0.9994001388549805,14
Sheds,26,50,0.9993839859962463,0.9993709325790405,20
Sheds,26,100,0.999359667301178,0.9993500709533691,25
Sheds,26,250,0.9993117451667786,0.9993009567260742,31
Sheds,26,500,0.9992675185203552,0.9992548227310181,34
Sheds,27,1,0.9995269775390625,0.9995269775390625,1
Sheds,27,5,0.9995021820068359,0.9994953274726868,5
Sheds,27,10,0.9994821548461914,0.9994797706604004,7
Sheds,27,25,0.9994582533836365,0.9994521141052246,13
Sheds,27,50,0.999437153339386,0.9994288682937622,20
Sheds,27,100,0.9994157552719116,0.9994064569473267,25
Sheds,27,250,0.9993783235549927,0.9993695020675659,31
Sheds,27,500,0.99934321641922,0.9993303418159485,35
Sheds,28,1,0.9994335174560547,0.9994335174560547,1
Sheds,28,5,0.9994198679924011,0.9994215369224548,5
Sheds,28,10,0.9994062185287476,0.9994039535522461,9
Sheds,28,25,0.9993736147880554,0.9993696808815002,17
Sheds,28,50,0.9993516802787781,0.9993387460708618,23
Sheds,28,100,0.9993289709091187,0.999321460723877,28
Sheds,28,250,0.9992914795875549,0.9992837905883789,33
Sheds,28,500,0.9992567300796509,0.9992449283599854,36
Sheds,29,1,0.9995188117027283,0.9995188117027283,1
Sheds,29,5,0.9994946718215942,0.9994931221008301,5
Sheds,29,10,0.9994789958000183,0.9994790554046631,9
Sheds,29,25,0.9994487166404724,0.9994441866874695,17
Sheds,29,50,0.9994235038757324,0.9994094967842102,22
Sheds,29,100,0.9993995428085327,0.9993878602981567,27
Sheds,29,250,0.999364972114563,0.9993584156036377,32
Sheds,29,500,0.9993325471878052,0.9993209838867188,35
Sheds,30,1,0.9994491338729858,0.9994491338729858,1
Sheds,30,5,0.99937504529953,0.9993466138839722,5
Sheds,30,10,0.9993443489074707,0.9993398785591125,10
Sheds,30,25,0.9993005394935608,0.9992862939834595,18
Sheds,30,50,0.999254047870636,0.9992426037788391,27
Sheds,30,100,0.999209463596344,0.9991863965988159,33
Sheds,30,250,0.9991360902786255,0.9991211295127869,38
Sheds,30,500,0.9990717768669128,0.9990444779396057,39
Sheds,31,1,0.9993495941162109,0.9993495941162109,1
Sheds,31,5,0.9992398023605347,0.9992099404335022,3
Sheds,31,10,0.9991244077682495,0.9991185665130615,3
Sheds,31,25,0.9988561868667603,0.9987881183624268,8
Sheds,31,50,0.9985831379890442,0.9985421895980835,11
Sheds,31,100,0.998261570930481,0.9981525540351868,20
Sheds,31,250,0.997795045375824,0.997666597366333,31
Sheds,31,500,0.9974055886268616,0.997255802154541,36
Sheds,32,1,0.9993495941162109,0.9993495941162109,1
Sheds,32,5,0.9992398023605347,0.9992099404335022,3
Sheds,32,10,0.9991244077682495,0.9991185665130615,3
Sheds,32,25,0.9988561868667603,0.9987881183624268,8
Sheds,32,50,0.9985831379890442,0.9985421895980835,11
Sheds,32,100,0.998261570930481,0.9981525540351868,20
Sheds,32,250,0.997795045375824,0.997666597366333,31
Sheds,32,500,0.9974055886268616,0.997255802154541,36
Sheds,33,1,0.9993495941162109,0.9993495941162109,1
Sheds,33,5,0.9992398023605347,0.9992099404335022,3
Sheds,33,10,0.9991244077682495,0.9991185665130615,3
Sheds,33,25,0.9988561868667603,0.9987881183624268,8
Sheds,33,50,0.9985831379890442,0.9985421895980835,11
Sheds,33,100,0.998261570930481,0.9981525540351868,20
Sheds,33,250,0.997795045375824,0.997666597366333,31
Sheds,33,500,0.9974055886268616,0.997255802154541,36
Sheds,34,1,0.9993495941162109,0.9993495941162109,1
Sheds,34,5,0.9992398023605347,0.9992099404335022,3
Sheds,34,10,0.9991244077682495,0.9991185665130615,3
Sheds,34,25,0.9988561868667603,0.9987881183624268,8
Sheds,34,50,0.9985831379890442,0.9985421895980835,11
Sheds,34,100,0.998261570930481,0.9981525540351868,20
Sheds,34,250,0.997795045375824,0.997666597366333,31
Sheds,34,500,0.9974055886268616,0.997255802154541,36
Sheds,35,1,0.9993495941162109,0.9993495941162109,1
Sheds,35,5,0.9992398023605347,0.9992099404335022,3
Sheds,35,10,0.9991244077682495,0.9991185665130615,3
Sheds,35,25,0.9988561868667603,0.9987881183624268,8
Sheds,35,50,0.9985831379890442,0.9985421895980835,11
Sheds,35,100,0.998261570930481,0.9981525540351868,20
Sheds,35,250,0.997795045375824,0.997666597366333,31
Sheds,35,500,0.9974055886268616,0.997255802154541,36
Sheds,36,1,0.9993495941162109,0.9993495941162109,1
Sheds,36,5,0.9992398023605347,0.9992099404335022,3
Sheds,36,10,0.9991244077682495,0.9991185665130615,3
Sheds,36,25,0.9988561868667603,0.9987881183624268,8
Sheds,36,50,0.9985831379890442,0.9985421895980835,11
Sheds,36,100,0.998261570930481,0.9981525540351868,20
Sheds,36,250,0.997795045375824,0.997666597366333,31
Sheds,36,500,0.9974055886268616,0.997255802154541,36
Sheds,37,1,0.9993495941162109,0.9993495941162109,1
Sheds,37,5,0.9992398023605347,0.9992099404335022,3
Sheds,37,10,0.9991244077682495,0.9991185665130615,3
Sheds,37,25,0.9988561868667603,0.9987881183624268,8
Sheds,37,50,0.9985831379890442,0.9985421895980835,11
Sheds,37,100,0.998261570930481,0.9981525540351868,20
Sheds,37,250,0.997795045375824,0.997666597366333,31
Sheds,37,500,0.9974055886268616,0.997255802154541,36
Sheds,38,1,0.9993495941162109,0.9993495941162109,1
Sheds,38,5,0.9992398023605347,0.9992099404335022,3
Sheds,38,10,0.9991244077682495,0.9991185665130615,3
Sheds,38,25,0.9988561868667603,0.9987881183624268,8
Sheds,38,50,0.9985831379890442,0.9985421895980835,11
Sheds,38,100,0.998261570930481,0.9981525540351868,20
Sheds,38,250,0.997795045375824,0.997666597366333,31
Sheds,38,500,0.9974055886268616,0.997255802154541,36
Sheds,39,1,0.9993495941162109,0.9993495941162109,1
Sheds,39,5,0.9992398023605347,0.9992099404335022,3
Sheds,39,10,0.9991244077682495,0.9991185665130615,3
Sheds,39,25,0.9988561868667603,0.9987881183624268,8
Sheds,39,50,0.9985831379890442,0.9985421895980835,11
Sheds,39,100,0.998261570930481,0.9981525540351868,20
Sheds,39,250,0.997795045375824,0.997666597366333,31
Sheds,39,500,0.9974055886268616,0.997255802154541,36
Sheds,40,1,0.9993495941162109,0.9993495941162109,1
Sheds,40,5,0.9992398023605347,0.9992099404335022,3
Sheds,40,10,0.9991244077682495,0.9991185665130615,3
Sheds,40,25,0.9988561868667603,0.9987881183624268,8
Sheds,40,50,0.9985831379890442,0.9985421895980835,11
Sheds,40,100,0.998261570930481,0.9981525540351868,20
Sheds,40,250,0.997795045375824,0.997666597366333,31
Sheds,40,500,0.9974055886268616,0.997255802154541,36
Sheds,41,1,0.9993495941162109,0.9993495941162109,1
Sheds,41,5,0.9992398023605347,0.9992099404335022,3
Sheds,41,10,0.9991244077682495,0.9991185665130615,3
Sheds,41,25,0.9988561868667603,0.9987881183624268,8
Sheds,41,50,0.9985831379890442,0.9985421895980835,11
Sheds,41,100,0.998261570930481,0.9981525540351868,20
Sheds,41,250,0.997795045375824,0.997666597366333,31
Sheds,41,500,0.9974055886268616,0.997255802154541,36
Sheds,42,1,0.9993495941162109,0.9993495941162109,1
Sheds,42,5,0.9992398023605347,0.9992099404335022,3
Sheds,42,10,0.9991244077682495,0.9991185665130615,3
Sheds,42,25,0.9988561868667603,0.9987881183624268,8
Sheds,42,50,0.9985831379890442,0.9985421895980835,11
Sheds,42,100,0.998261570930481,0.9981525540351868,20
Sheds,42,250,0.997795045375824,0.997666597366333,31
Sheds,42,500,0.9974055886268616,0.997255802154541,36
Sheds,43,1,0.9993495941162109,0.9993495941162109,1
Sheds,43,5,0.9992398023605347,0.9992099404335022,3
Sheds,43,10,0.9991244077682495,0.9991185665130615,3
Sheds,43,25,0.9988561868667603,0.9987881183624268,8
Sheds,43,50,0.9985831379890442,0.9985421895980835,11
Sheds,43,100,0.998261570930481,0.9981525540351868,20
Sheds,43,250,0.997795045375824,0.997666597366333,31
Sheds,43,500,0.9974055886268616,0.997255802154541,36
Sheds,44,1,0.9993495941162109,0.9993495941162109,1
Sheds,44,5,0.9992398023605347,0.9992099404335022,3
Sheds,44,10,0.9991244077682495,0.9991185665130615,3
Sheds,44,25,0.9988561868667603,0.9987881183624268,8
Sheds,44,50,0.9985831379890442,0.9985421895980835,11
Sheds,44,100,0.998261570930481,0.9981525540351868,20
Sheds,44,250,0.997795045375824,0.997666597366333,31
Sheds,44,500,0.9974055886268616,0.997255802154541,36
Sheds,45,1,0.9993495941162109,0.9993495941162109,1
Sheds,45,5,0.9992398023605347,0.9992099404335022,3
Sheds,45,10,0.9991244077682495,0.9991185665130615,3
Sheds,45,25,0.9988561868667603,0.9987881183624268,8
Sheds,45,50,0.9985831379890442,0.9985421895980835,11
Sheds,45,100,0.998261570930481,0.9981525540351868,20
Sheds,45,250,0.997795045375824,0.997666597366333,31
Sheds,45,500,0.9974055886268616,0.997255802154541,36
Sheds,46,1,0.9993495941162109,0.9993495941162109,1
Sheds,46,5,0.9992398023605347,0.9992099404335022,3
Sheds,46,10,0.9991244077682495,0.9991185665130615,3
Sheds,46,25,0.9988561868667603,0.9987881183624268,8
Sheds,46,50,0.9985831379890442,0.9985421895980835,11
Sheds,46,100,0.998261570930481,0.9981525540351868,20
Sheds,46,250,0.997795045375824,0.997666597366333,31
Sheds,46,500,0.9974055886268616,0.997255802154541,36
Sheds,47,1,0.9990729689598083,0.9990729689598083,1
Sheds,47,5,0.9990333318710327,0.9990426301956177,4
Sheds,47,10,0.9989768266677856,0.9989680647850037,7
Sheds,47,25,0.9988825917243958,0.9988547563552856,12
Sheds,47,50,0.9987844228744507,0.9987531900405884,21
Sheds,47,100,0.9986575841903687,0.998615026473999,27
Sheds,47,250,0.9984440207481384,0.9983828067779541,34
Sheds,47,500,0.9982529282569885,0.9981961250305176,37
Sheds,48,1,0.9990549683570862,0.9990549683570862,1
Sheds,48,5,0.9987573623657227,0.9986793994903564,4
Sheds,48,10,0.9986831545829773,0.9986544847488403,7
Sheds,48,25,0.9985092282295227,0.998471200466156,12
Sheds,48,50,0.998325526714325,0.9983046054840088,16
Sheds,48,100,0.9981309771537781,0.9980502128601074,22
Sheds,48,250,0.9977172017097473,0.9976596832275391,31
Sheds,48,500,0.9972853064537048,0.9971587657928467,36
Sheds,49,1,0.9993969202041626,0.9993969202041626,1
Sheds,49,5,0.9992142915725708,0.9991723895072937,3
Sheds,49,10,0.999136745929718,0.999129056930542,5
Sheds,49,25,0.9990187287330627,0.9989814758300781,9
Sheds,49,50,0.9989084005355835,0.9988698959350586,13
Sheds,49,100,0.9987676739692688,0.9987403154373169,22
Sheds,49,250,0.9985458850860596,0.9984927773475647,31
Sheds,49,500,0.9983440637588501,0.9982863068580627,36
Sheds,50,1,0.9990865588188171,0.9990865588188171,1
Sheds,50,5,0.9988595843315125,0.9987897872924805,4
Sheds,50,10,0.9987506866455078,0.9987330436706543,5
Sheds,50,25,0.9985488057136536,0.9984861612319946,14
Sheds,50,50,0.9983799457550049,0.9983099699020386,20
Sheds,50,100,0.9982016086578369,0.9981356859207153,27
Sheds,50,250,0.9979146718978882,0.9978431463241577,34
Sheds,50,500,0.9976404905319214,0.9975550770759583,35
Sheds,51,1,0.9991894960403442,0.9991894960403442,1
Sheds,51,5,0.9990304708480835,0.9990181922912598,3
Sheds,51,10,0.9988803863525391,0.9988389611244202,5
Sheds,51,25,0.9987044334411621,0.9986244440078735,9
Sheds,51,50,0.9985551238059998,0.998499870300293,13
Sheds,51,100,0.9983434081077576,0.9983183741569519,18
Sheds,51,250,0.9979969263076782,0.9979174137115479,28
Sheds,51,500,0.9976699948310852,0.9975725412368774,35
Sheds,52,1,0.999488115310669,0.999488115310669,1
Sheds,52,5,0.9994426965713501,0.9994246363639832,5
Sheds,52,10,0.9994207620620728,0.9994138479232788,7
Sheds,52,25,0.9993820786476135,0.9993756413459778,8
Sheds,52,50,0.999345064163208,0.9993302226066589,12
Sheds,52,100,0.9992904663085938,0.999291181564331,18
Sheds,52,250,0.9991908073425293,0.9991634488105774,23
Sheds,52,500,0.9990978837013245,0.9990689754486084,29
Sheds,53,1,0.9991260766983032,0.9991260766983032,1
Sheds,53,5,0.9988425970077515,0.9987998604774475,5
Sheds,53,10,0.998631477355957,0.9985995292663574,8
Sheds,53,25,0.998349130153656,0.9982873201370239,10
Sheds,53,50,0.9981256723403931,0.9979963898658752,15
Sheds,53,100,0.9978091716766357,0.9977983236312866,24
Sheds,53,250,0.9972840547561646,0.9971481561660767,32
Sheds,53,500,0.9968454837799072,0.9966942071914673,37
Sheds,54,1,0.9987366199493408,0.9987366199493408,1
Sheds,54,5,0.998401939868927,0.9983500242233276,4
Sheds,54,10,0.9981812238693237,0.998070478439331,6
Sheds,54,25,0.9977846741676331,0.9976718425750732,10
Sheds,54,50,0.9974701404571533,0.9973467588424683,13
Sheds,54,100,0.9971202611923218,0.9970033168792725,22
Sheds,54,250,0.9965242743492126,0.9964038133621216,29
Sheds,54,500,0.9959538578987122,0.9957723617553711,35
Sheds,55,1,0.9980356693267822,0.9980356693267822,1
Sheds,55,5,0.9978554844856262,0.9978519678115845,4
Sheds,55,10,0.997679591178894,0.9976311922073364,7
Sheds,55,25,0.9974102973937988,0.997355580329895,15
Sheds,55,50,0.9971193075180054,0.9970531463623047,19
Sheds,55,100,0.9968351721763611,0.9966920018196106,26
Sheds,55,250,0.9964591264724731,0.996343731880188,33
Sheds,55,500,0.9961524605751038,0.9960455894470215,37
Sheds,56,1,0.9992638230323792,0.9992638230323792,1
Sheds,56,5,0.9988730549812317,0.9987531900405884,5
Sheds,56,10,0.9987087249755859,0.998612642288208,5
Sheds,56,25,0.9984995126724243,0.9984113574028015,12
Sheds,56,50,0.9983247518539429,0.9982589483261108,17
Sheds,56,100,0.9981248378753662,0.9980370998382568,25
Sheds,56,250,0.997859537601471,0.9977823495864868,34
Sheds,56,500,0.99764084815979,0.9975600242614746,37
Sheds,57,1,0.9991427659988403,0.9991427659988403,1
Sheds,57,5,0.999050498008728,0.9990959167480469,3
Sheds,57,10,0.9989345669746399,0.9988881945610046,5
Sheds,57,25,0.9987849593162537,0.9987303614616394,8
Sheds,57,50,0.9986632466316223,0.9986112117767334,18
Sheds,57,100,0.9984999895095825,0.998455286026001,21
Sheds,57,250,0.9982175230979919,0.9981369972229004,26
Sheds,57,500,0.9979614019393921,0.9978764057159424,36
Sheds,58,1,0.9991181492805481,0.9991181492805481,1
Sheds,58,5,0.998980700969696,0.9989969730377197,2
Sheds,58,10,0.9988576769828796,0.9988033771514893,4
Sheds,58,25,0.9986564517021179,0.9986034631729126,9
Sheds,58,50,0.998511791229248,0.9984311461448669,14
Sheds,58,100,0.9982613921165466,0.998278021812439,22
Sheds,58,250,0.9978230595588684,0.9977121353149414,30
Sheds,58,500,0.9974404573440552,0.9973087310791016,35
Sheds,59,1,0.9992018938064575,0.9992018938064575,1
Sheds,59,5,0.9991698265075684,0.9991604089736938,4
Sheds,59,10,0.9991413354873657,0.999148964881897,8
Sheds,59,25,0.9990816712379456,0.9990749359130859,12
Sheds,59,50,0.9990217685699463,0.9990087151527405,16
Sheds,59,100,0.9989439249038696,0.9989190697669983,21
Sheds,59,250,0.9988312125205994,0.9987974166870117,29
Sheds,59,500,0.9987307190895081,0.9986981153488159,36
Sheds,60,1,0.9991464614868164,0.9991464614868164,1
Sheds,60,5,0.9988382458686829,0.9987610578536987,5
Sheds,60,10,0.9987108111381531,0.9987022280693054,9
Sheds,60,25,0.9985310435295105,0.9984662532806396,17
Sheds,60,50,0.9983991980552673,0.9983463883399963,22
Sheds,60,100,0.9982406497001648,0.9982017278671265,26
Sheds,60,250,0.9979627728462219,0.9978852868080139,34
Sheds,60,500,0.9977303743362427,0.9976300597190857,38
Sheds,61,1,0.9990580081939697,0.9990580081939697,1
Sheds,61,5,0.9989265203475952,0.9989510774612427,3
Sheds,61,10,0.9988338351249695,0.9988025426864624,6
Sheds,61,25,0.9986858367919922,0.9986454248428345,12
Sheds,61,50,0.9985596537590027,0.998518705368042,16
Sheds,61,100,0.9984056353569031,0.9983658790588379,19
Sheds,61,250,0.9981443285942078,0.9981021881103516,28
Sheds,61,500,0.9978892803192139,0.9978075623512268,37
Sheds,62,1,0.9991694688796997,0.9991694688796997,1
Sheds,62,5,0.9991096258163452,0.9991340637207031,4
Sheds,62,10,0.9990493655204773,0.9990313053131104,8
Sheds,62,25,0.9989553093910217,0.9989378452301025,16
Sheds,62,50,0.9988401532173157,0.9988498687744141,21
Sheds,62,100,0.9987160563468933,0.9986519813537598,27
Sheds,62,250,0.9985316395759583,0.9984862804412842,32
Sheds,62,500,0.9983460903167725,0.9982967376708984,38
Sheds,63,1,0.9995743632316589,0.9995743632316589,1
Sheds,63,5,0.9995440244674683,0.9995362758636475,4
Sheds,63,10,0.9995279312133789,0.9995275139808655,8
Sheds,63,25,0.9995057582855225,0.9994962215423584,12
Sheds,63,50,0.9994869232177734,0.9994816184043884,20
Sheds,63,100,0.9994643330574036,0.9994593858718872,22
Sheds,63,250,0.9994295239448547,0.999421238899231,27
Sheds,63,500,0.9993958473205566,0.9993853569030762,33
Sheds,64,1,0.9996736645698547,0.9996736645698547,1
Sheds,64,5,0.9996471405029297,0.9996447563171387,5
Sheds,64,10,0.9996318817138672,0.9996261596679688,8
Sheds,64,25,0.9996127486228943,0.999602735042572,12
Sheds,64,50,0.9995990991592407,0.9995948076248169,18
Sheds,64,100,0.9995815753936768,0.9995760321617126,23
Sheds,64,250,0.9995525479316711,0.9995450973510742,26
Sheds,64,500,0.9995263814926147,0.9995173811912537,32
Sheds,65,1,0.9996194243431091,0.9996194243431091,1
Sheds,65,5,0.9996129870414734,0.9996140599250793,3
Sheds,65,10,0.9996041059494019,0.9996042251586914,6
Sheds,65,25,0.999586284160614,0.9995795488357544,12
Sheds,65,50,0.9995713829994202,0.999566912651062,19
Sheds,65,100,0.9995522499084473,0.9995485544204712,20
Sheds,65,250,0.9995198249816895,0.9995114803314209,26
Sheds,65,500,0.9994907379150391,0.9994796514511108,30
Sheds,66,1,0.999535083770752,0.999535083770752,1
Sheds,66,5,0.9995194673538208,0.9995185136795044,4
Sheds,66,10,0.9995073080062866,0.999506413936615,7
Sheds,66,25,0.9994902610778809,0.9994865655899048,13
Sheds,66,50,0.9994760751724243,0.9994714856147766,20
Sheds,66,100,0.999458909034729,0.9994540810585022,27
Sheds,66,250,0.9994277358055115,0.9994224309921265,35
Sheds,66,500,0.9993991851806641,0.9993884563446045,37
Sheds,67,1,0.9995184540748596,0.9995184540748596,1
Sheds,67,5,0.9994929432868958,0.9994832277297974,5
Sheds,67,10,0.9994685053825378,0.9994677305221558,9
Sheds,67,25,0.9994328022003174,0.9994214773178101,15
Sheds,67,50,0.9994014501571655,0.9993937015533447,24
Sheds,67,100,0.9993626475334167,0.9993451237678528,28
Sheds,67,250,0.9993034601211548,0.9992852210998535,34
Sheds,67,500,0.9992508888244629,0.9992315769195557,39
Sheds,68,1,0.9998365640640259,0.9998365640640259,1
Sheds,68,5,0.9998220205307007,0.999818742275238,4
Sheds,68,10,0.99981689453125,0.999815046787262,5
Sheds,68,25,0.9998070001602173,0.9998065233230591,5
Sheds,68,50,0.9997957348823547,0.9997912645339966,8
Sheds,68,100,0.9997777342796326,0.9997767210006714,13
Sheds,68,250,0.999751091003418,0.9997438192367554,17
Sheds,68,500,0.9997262954711914,0.9997200965881348,24
Sheds,69,1,0.9998434782028198,0.9998434782028198,1
Sheds,69,5,0.9998253583908081,0.9998193979263306,3
Sheds,69,10,0.9998202323913574,0.9998169541358948,4
Sheds,69,25,0.9998114109039307,0.9998108744621277,5
Sheds,69,50,0.9998022317886353,0.9997990131378174,7
Sheds,69,100,0.9997901916503906,0.9997877478599548,11
Sheds,69,250,0.9997654557228088,0.9997620582580566,19
Sheds,69,500,0.9997391700744629,0.9997318983078003,25
Sheds,70,1,0.9994186162948608,0.9994186162948608,1
Sheds,70,5,0.9993472099304199,0.9993399977684021,5
Sheds,70,10,0.9993041753768921,0.9992982149124146,9
Sheds,70,25,0.9992321133613586,0.9992203712463379,16
Sheds,70,50,0.9991772174835205,0.9991457462310791,23
Sheds,70,100,0.9991185069084167,0.9990986585617065,27
Sheds,70,250,0.9990255236625671,0.9989981651306152,33
Sheds,70,500,0.9989449381828308,0.9989185333251953,37
Sheds,71,1,0.9991403222084045,0.9991403222084045,1
Sheds,71,5,0.999070942401886,0.999056875705719,5
Sheds,71,10,0.9990235567092896,0.9990373253822327,9
Sheds,71,25,0.9989233613014221,0.9988919496536255,13
Sheds,71,50,0.9988328814506531,0.9988139867782593,19
Sheds,71,100,0.9987252950668335,0.9986913204193115,24
Sheds,71,250,0.998580813407898,0.9985431432723999,30
Sheds,71,500,0.9984467625617981,0.9984071254730225,34
Sheds,72,1,0.9994587302207947,0.9994587302207947,1
Sheds,72,5,0.9993966817855835,0.9993741512298584,5
Sheds,72,10,0.9993301630020142,0.9993263483047485,8
Sheds,72,25,0.9992396831512451,0.9992297887802124,16
Sheds,72,50,0.9991705417633057,0.999138355255127,23
Sheds,72,100,0.9991130232810974,0.9990776777267456,32
Sheds,72,250,0.9990476965904236,0.9990243315696716,38
Sheds,72,500,0.9989973306655884,0.9989781379699707,39
Sheds,73,1,0.9991679191589355,0.9991679191589355,1
Sheds,73,5,0.9990673065185547,0.9990478754043579,5
Sheds,73,10,0.9990251660346985,0.999010443687439,8
Sheds,73,25,0.9989737868309021,0.9989565014839172,17
Sheds,73,50,0.9989274740219116,0.9989105463027954,25
Sheds,73,100,0.9988760948181152,0.9988564252853394,31
Sheds,73,250,0.9988036155700684,0.9987794160842896,37
Sheds,73,500,0.9987419247627258,0.9987183809280396,38
Sheds,74,1,0.9995975494384766,0.9995975494384766,1
Sheds,74,5,0.9995832443237305,0.9995839595794678,4
Sheds,74,10,0.9995642900466919,0.9995630383491516,7
Sheds,74,25,0.9995417594909668,0.9995354413986206,11
Sheds,74,50,0.9995228052139282,0.9995143413543701,16
Sheds,74,100,0.9995017051696777,0.9994943141937256,22
Sheds,74,250,0.9994659423828125,0.9994579553604126,32
Sheds,74,500,0.9994320869445801,0.9994211196899414,35
Sheds,75,1,0.9996204376220703,0.9996204376220703,1
Sheds,75,5,0.9995640516281128,0.9995519518852234,4
Sheds,75,10,0.9995461702346802,0.9995409250259399,9
Sheds,75,25,0.9995116591453552,0.9994964599609375,14
Sheds,75,50,0.9994876384735107,0.999474287033081,21
Sheds,75,100,0.9994623064994812,0.999451220035553,24
Sheds,75,250,0.9994257688522339,0.9994131326675415,32
Sheds,75,500,0.9993952512741089,0.999385416507721,35
Sheds,76,1,0.9996417760848999,0.9996417760848999,1
Sheds,76,5,0.9996148943901062,0.9996122121810913,5
Sheds,76,10,0.9996007680892944,0.9995968341827393,6
Sheds,76,25,0.9995811581611633,0.9995776414871216,10
Sheds,76,50,0.9995647668838501,0.9995565414428711,18
Sheds,76,100,0.9995457530021667,0.9995394945144653,23
Sheds,76,250,0.9995160102844238,0.9995077848434448,28
Sheds,76,500,0.9994880557060242,0.9994795322418213,31
Sheds,77,1,0.9995628595352173,0.9995628595352173,1
Sheds,77,5,0.9995523691177368,0.9995542764663696,4
Sheds,77,10,0.9995362162590027,0.9995354413986206,7
Sheds,77,25,0.9995169043540955,0.9995125532150269,14
Sheds,77,50,0.9994989037513733,0.9994930028915405,21
Sheds,77,100,0.999479353427887,0.9994716644287109,28
Sheds,77,250,0.999445915222168,0.9994348287582397,33
Sheds,77,500,0.9994156360626221,0.9994070529937744,35
Sheds,78,1,0.9993410110473633,0.9993410110473633,1
Sheds,78,5,0.9993206262588501,0.9993128776550293,4
Sheds,78,10,0.9993072748184204,0.9993042945861816,5
Sheds,78,25,0.9992765188217163,0.9992719888687134,10
Sheds,78,50,0.9992467761039734,0.9992331266403198,16
Sheds,78,100,0.999216616153717,0.9992039203643799,26
Sheds,78,250,0.9991694092750549,0.9991559982299805,36
Sheds,78,500,0.9991271495819092,0.999112606048584,40
Sheds,79,1,0.9990231394767761,0.9990231394767761,1
Sheds,79,5,0.9989749789237976,0.9989754557609558,3
Sheds,79,10,0.9989542961120605,0.9989402294158936,5
Sheds,79,25,0.9989201426506042,0.998909592628479,10
Sheds,79,50,0.9988744258880615,0.9988741278648376,16
Sheds,79,100,0.9988108277320862,0.9987927079200745,24
Sheds,79,250,0.9986864328384399,0.9986557364463806,33
Sheds,79,500,0.9985621571540833,0.9985291957855225,35
Sheds,80,1,0.9992672204971313,0.9992672204971313,1
Sheds,80,5,0.9992130398750305,0.9992038011550903,5
Sheds,80,10,0.9991909861564636,0.99918532371521,8
Sheds,80,25,0.9991477727890015,0.9991346001625061,15
Sheds,80,50,0.9990990161895752,0.9990923404693604,19
Sheds,80,100,0.9990419745445251,0.9990215301513672,28
Sheds,80,250,0.9989511966705322,0.9989221692085266,33
Sheds,80,500,0.9988736510276794,0.9988451600074768,37
Sheds,81,1,0.99913489818573,0.99913489818573,1
Sheds,81,5,0.9990509152412415,0.9990229606628418,5
Sheds,81,10,0.9989743232727051,0.9989638328552246,7
Sheds,81,25,0.9988746643066406,0.99885094165802,13
Sheds,81,50,0.9987958669662476,0.9987550973892212,22
Sheds,81,100,0.9986965656280518,0.9986757040023804,28
Sheds,81,250,0.9985116124153137,0.9984697103500366,33
Sheds,81,500,0.998347282409668,0.9982841610908508,36
Sheds,82,1,0.9993563294410706,0.9993563294410706,1
Sheds,82,5,0.9993290901184082,0.9993286728858948,4
Sheds,82,10,0.9992936253547668,0.9992853403091431,8
Sheds,82,25,0.9992413520812988,0.9992191791534424,18
Sheds,82,50,0.9992059469223022,0.999184787273407,24
Sheds,82,100,0.999163031578064,0.9991550445556641,31
Sheds,82,250,0.999104917049408,0.9990872144699097,38
Sheds,82,500,0.9990556240081787,0.9990363121032715,39
Sheds,83,1,0.9993754029273987,0.9993754029273987,1
Sheds,83,5,0.9992849230766296,0.9992753267288208,4
Sheds,83,10,0.9992527961730957,0.9992356300354004,8
Sheds,83,25,0.9992015957832336,0.9991931915283203,19
Sheds,83,50,0.9991586208343506,0.9991475343704224,27
Sheds,83,100,0.9991125464439392,0.9990952610969543,33
Sheds,83,250,0.9990441799163818,0.999019980430603,39
Sheds,83,500,0.9989872574806213,0.9989660978317261,39
Sheds,84,1,0.9995542764663696,0.9995542764663696,1
Sheds,84,5,0.9995297193527222,0.9995301365852356,5
Sheds,84,10,0.9995163083076477,0.9995103478431702,10
Sheds,84,25,0.9994989633560181,0.9994948506355286,16
Sheds,84,50,0.9994814395904541,0.999477207660675,21
Sheds,84,100,0.999460756778717,0.9994537234306335,26
Sheds,84,250,0.9994289875030518,0.9994206428527832,35
Sheds,84,500,0.9994009137153625,0.9993913769721985,38
Sheds,85,1,0.9994479417800903,0.9994479417800903,1
Sheds,85,5,0.9994327425956726,0.999430775642395,4
Sheds,85,10,0.9994128942489624,0.9994124174118042,8
Sheds,85,25,0.9993800520896912,0.9993712902069092,16
Sheds,85,50,0.9993548393249512,0.9993458390235901,21
Sheds,85,100,0.999329149723053,0.9993195533752441,26
Sheds,85,250,0.9992872476577759,0.9992777109146118,33
Sheds,85,500,0.9992471933364868,0.9992358684539795,37
Sheds,86,1,0.9994915723800659,0.9994915723800659,1
Sheds,86,5,0.9994348287582397,0.9994291067123413,5
Sheds,86,10,0.9994006156921387,0.9993960857391357,8
Sheds,86,25,0.9993467926979065,0.9993231296539307,17
Sheds,86,50,0.999312162399292,0.9992942214012146,27
Sheds,86,100,0.9992783069610596,0.9992659687995911,36
Sheds,86,250,0.9992244243621826,0.9992095232009888,38
Sheds,86,500,0.9991762638092041,0.9991607666015625,38
Pond-1,0,1,0.9997820854187012,0.9997820854187012,1
Pond-1,0,5,0.9996722936630249,0.9996500015258789,3
Pond-1,0,10,0.9996222257614136,0.9996215105056763,4
Pond-1,0,25,0.9995285868644714,0.9995311498641968,9
Pond-1,0,50,0.9993979930877686,0.9993687868118286,13
Pond-1,0,100,0.9992115497589111,0.999147355556488,18
Pond-1,0,250,0.9988580346107483,0.998790442943573,25
Pond-1,0,500,0.9984692335128784,0.9983914494514465,33
Pond-1,1,1,0.9996548295021057,0.9996548295021057,1
Pond-1,1,5,0.9996252059936523,0.9996265172958374,4
Pond-1,1,10,0.9996052980422974,0.999599814414978,9
Pond-1,1,25,0.9995768666267395,0.9995692372322083,15
Pond-1,1,50,0.9995566010475159,0.9995467662811279,18
Pond-1,1,100,0.9995338320732117,0.9995245933532715,23
Pond-1,1,250,0.9994949698448181,0.9994876384735107,29
Pond-1,1,500,0.99946129322052,0.9994492530822754,30
Pond-1,2,1,0.9994449019432068,0.9994449019432068,1
Pond-1,2,5,0.9994111061096191,0.9994052052497864,5
Pond-1,2,10,0.9993873834609985,0.9993771314620972,6
Pond-1,2,25,0.9993525743484497,0.9993425607681274,12
Pond-1,2,50,0.9993202090263367,0.9993085861206055,16
Pond-1,2,100,0.9992852807044983,0.9992715120315552,27
Pond-1,2,250,0.9992318749427795,0.9992194175720215,35
Pond-1,2,500,0.9991821050643921,0.999168872833252,38
Pond-1,3,1,0.9996480941772461,0.9996480941772461,1
Pond-1,3,5,0.9996240735054016,0.9996218681335449,5
Pond-1,3,10,0.9996135830879211,0.9996059536933899,8
Pond-1,3,25,0.999594509601593,0.9995877742767334,17
Pond-1,3,50,0.9995776414871216,0.9995715618133545,21
Pond-1,3,100,0.9995556473731995,0.9995496273040771,27
Pond-1,3,250,0.9995217323303223,0.9995121955871582,29
Pond-1,3,500,0.9994930624961853,0.9994821548461914,32
Pond-1,4,1,0.999472439289093,0.999472439289093,1
Pond-1,4,5,0.9994410276412964,0.9994328618049622,4
Pond-1,4,10,0.9994268417358398,0.9994239807128906,6
Pond-1,4,25,0.9993972182273865,0.999397873878479,13
Pond-1,4,50,0.9993607401847839,0.9993603229522705,19
Pond-1,4,100,0.9993033409118652,0.9992984533309937,25
Pond-1,4,250,0.9992189407348633,0.9991912245750427,29
Pond-1,4,500,0.9991468787193298,0.9991228580474854,30
Pond-1,5,1,0.9998413920402527,0.9998413920402527,1
Pond-1,5,5,0.9998174905776978,0.9998136162757874,5
Pond-1,5,10,0.999799370765686,0.9997937679290771,8
Pond-1,5,25,0.9997729659080505,0.9997632503509521,8
Pond-1,5,50,0.999752938747406,0.9997448325157166,10
Pond-1,5,100,0.9997318387031555,0.9997262358665466,16
Pond-1,5,250,0.9996926188468933,0.9996860027313232,20
Pond-1,5,500,0.9996552467346191,0.9996424317359924,22
Pond-1,6,1,0.9997708797454834,0.9997708797454834,1
Pond-1,6,5,0.9997566938400269,0.9997528791427612,4
Pond-1,6,10,0.9997402429580688,0.9997439980506897,5
Pond-1,6,25,0.9997074604034424,0.9997009038925171,8
Pond-1,6,50,0.999671220779419,0.999660313129425,12
Pond-1,6,100,0.9996301531791687,0.9996106624603271,15
Pond-1,6,250,0.999563992023468,0.9995516538619995,21
Pond-1,6,500,0.9994998574256897,0.9994847774505615,23
Pond-1,7,1,0.9996417760848999,0.9996417760848999,1
Pond-1,7,5,0.9996121525764465,0.999610185623169,4
Pond-1,7,10,0.9995859861373901,0.9995856285095215,9
Pond-1,7,25,0.9995406270027161,0.9995248317718506,12
Pond-1,7,50,0.999502420425415,0.9994937181472778,20
Pond-1,7,100,0.9994659423828125,0.9994495511054993,23
Pond-1,7,250,0.9994056224822998,0.9993932843208313,26
Pond-1,7,500,0.999351441860199,0.9993298053741455,29
Pond-1,8,1,0.9996893405914307,0.9996893405914307,1
Pond-1,8,5,0.999677836894989,0.9996830821037292,4
Pond-1,8,10,0.9996553659439087,0.9996626377105713,6
Pond-1,8,25,0.9996166229248047,0.9996073842048645,12
Pond-1,8,50,0.9995815753936768,0.9995673894882202,15
Pond-1,8,100,0.9995465874671936,0.9995286464691162,18
Pond-1,8,250,0.9995008707046509,0.9994871616363525,23
Pond-1,8,500,0.99946129322052,0.9994462728500366,25
Pond-1,9,1,0.9996103048324585,0.9996103048324585,1
Pond-1,9,5,0.9995957612991333,0.9995929002761841,4
Pond-1,9,10,0.9995812177658081,0.9995824098587036,7
Pond-1,9,25,0.9995487928390503,0.9995484948158264,11
Pond-1,9,50,0.9995167255401611,0.9995018839836121,16
Pond-1,9,100,0.9994798302650452,0.9994655847549438,21
Pond-1,9,250,0.9994186758995056,0.9994049072265625,29
Pond-1,9,500,0.9993659257888794,0.9993457794189453,31
Pond-1,10,1,0.9996824860572815,0.9996824860572815,1
Pond-1,10,5,0.9996654391288757,0.9996621012687683,4
Pond-1,10,10,0.9996498823165894,0.9996404647827148,7
Pond-1,10,25,0.9996248483657837,0.9996175169944763,13
Pond-1,10,50,0.9995984435081482,0.9995926022529602,20
Pond-1,10,100,0.9995627403259277,0.999549925327301,24
Pond-1,10,250,0.9995102882385254,0.9994946122169495,27
Pond-1,10,500,0.9994632601737976,0.9994484186172485,31
Pond-1,11,1,0.9993097186088562,0.9993097186088562,1
Pond-1,11,5,0.9992817044258118,0.9992779493331909,4
Pond-1,11,10,0.9992539286613464,0.9992401599884033,8
Pond-1,11,25,0.9992030262947083,0.999187707901001,19
Pond-1,11,50,0.9991633892059326,0.9991428852081299,25
Pond-1,11,100,0.9991230964660645,0.9991093873977661,28
Pond-1,11,250,0.9990630745887756,0.9990482330322266,35
Pond-1,11,500,0.9990103840827942,0.9989910125732422,38
Pond-1,12,1,0.9994972944259644,0.9994972944259644,1
Pond-1,12,5,0.999336838722229,0.9992842674255371,3
Pond-1,12,10,0.9992837905883789,0.9992668628692627,3
Pond-1,12,25,0.9992013573646545,0.9991708993911743,10
Pond-1,12,50,0.9991502165794373,0.9991205930709839,13
Pond-1,12,100,0.9991013407707214,0.9990799427032471,21
Pond-1,12,250,0.9990180134773254,0.9990036487579346,29
Pond-1,12,500,0.9989439845085144,0.9989118576049805,33
Pond-1,13,1,0.9994972944259644,0.9994972944259644,1
Pond-1,13,5,0.999336838722229,0.9992842674255371,3
Pond-1,13,10,0.9992837905883789,0.9992668628692627,3
Pond-1,13,25,0.9992013573646545,0.9991708993911743,10
Pond-1,13,50,0.9991502165794373,0.9991205930709839,13
Pond-1,13,100,0.9991013407707214,0.9990799427032471,21
Pond-1,13,250,0.9990180134773254,0.9990036487579346,29
Pond-1,13,500,0.9989439845085144,0.9989118576049805,33
Pond-1,14,1,0.9994972944259644,0.9994972944259644,1
Pond-1,14,5,0.999336838722229,0.9992842674255371,3
Pond-1,14,10,0.9992837905883789,0.9992668628692627,3
Pond-1,14,25,0.9992013573646545,0.9991708993911743,10
Pond-1,14,50,0.9991502165794373,0.9991205930709839,13
Pond-1,14,100,0.9991013407707214,0.9990799427032471,21
Pond-1,14,250,0.9990180134773254,0.9990036487579346,29
Pond-1,14,500,0.9989439845085144,0.9989118576049805,33
Pond-1,15,1,0.9994972944259644,0.9994972944259644,1
Pond-1,15,5,0.999336838722229,0.9992842674255371,3
Pond-1,15,10,0.9992837905883789,0.9992668628692627,3
Pond-1,15,25,0.9992013573646545,0.9991708993911743,10
Pond-1,15,50,0.9991502165794373,0.9991205930709839,13
Pond-1,15,100,0.9991013407707214,0.9990799427032471,21
Pond-1,15,250,0.9990180134773254,0.9990036487579346,29
Pond-1,15,500,0.9989439845085144,0.9989118576049805,33
Pond-1,16,1,0.9994972944259644,0.9994972944259644,1
Pond-1,16,5,0.999336838722229,0.9992842674255371,3
Pond-1,16,10,0.9992837905883789,0.9992668628692627,3
Pond-1,16,25,0.9992013573646545,0.9991708993911743,10
Pond-1,16,50,0.9991502165794373,0.9991205930709839,13
Pond-1,16,100,0.9991013407707214,0.9990799427032471,21
Pond-1,16,250,0.9990180134773254,0.9990036487579346,29
Pond-1,16,500,0.9989439845085144,0.9989118576049805,33
Pond-1,17,1,0.9994972944259644,0.9994972944259644,1
Pond-1,17,5,0.999336838722229,0.9992842674255371,3
Pond-1,17,10,0.9992837905883789,0.9992668628692627,3
Pond-1,17,25,0.9992013573646545,0.9991708993911743,10
Pond-1,17,50,0.9991502165794373,0.9991205930709839,13
Pond-1,17,100,0.9991013407707214,0.9990799427032471,21
Pond-1,17,250,0.9990180134773254,0.9990036487579346,29
Pond-1,17,500,0.9989439845085144,0.9989118576049805,33
Pond-1,18,1,0.9994972944259644,0.9994972944259644,1
Pond-1,18,5,0.999336838722229,0.9992842674255371,3
Pond-1,18,10,0.9992837905883789,0.9992668628692627,3
Pond-1,18,25,0.9992013573646545,0.9991708993911743,10
Pond-1,18,50,0.9991502165794373,0.9991205930709839,13
Pond-1,18,100,0.9991013407707214,0.9990799427032471,21
Pond-1,18,250,0.9990180134773254,0.9990036487579346,29
Pond-1,18,500,0.9989439845085144,0.9989118576049805,33
Pond-1,19,1,0.9994972944259644,0.9994972944259644,1
Pond-1,19,5,0.999336838722229,0.9992842674255371,3
Pond-1,19,10,0.9992837905883789,0.9992668628692627,3
Pond-1,19,25,0.9992013573646545,0.9991708993911743,10
Pond-1,19,50,0.9991502165794373,0.9991205930709839,13
Pond-1,19,100,0.9991013407707214,0.9990799427032471,21
Pond-1,19,250,0.9990180134773254,0.9990036487579346,29
Pond-1,19,500,0.9989439845085144,0.9989118576049805,33
Pond-1,20,1,0.9994972944259644,0.9994972944259644,1
Pond-1,20,5,0.999336838722229,0.9992842674255371,3
Pond-1,20,10,0.9992837905883789,0.9992668628692627,3
Pond-1,20,25,0.9992013573646545,0.9991708993911743,10
Pond-1,20,50,0.9991502165794373,0.9991205930709839,13
Pond-1,20,100,0.9991013407707214,0.9990799427032471,21
Pond-1,20,250,0.9990180134773254,0.9990036487579346,29
Pond-1,20,500,0.9989439845085144,0.9989118576049805,33
Pond-1,21,1,0.9994972944259644,0.9994972944259644,1
Pond-1,21,5,0.999336838722229,0.9992842674255371,3
Pond-1,21,10,0.9992837905883789,0.9992668628692627,3
Pond-1,21,25,0.9992013573646545,0.9991708993911743,10
Pond-1,21,50,0.9991502165794373,0.9991205930709839,13
Pond-1,21,100,0.9991013407707214,0.9990799427032471,21
Pond-1,21,250,0.9990180134773254,0.9990036487579346,29
Pond-1,21,500,0.9989439845085144,0.9989118576049805,33
Pond-1,22,1,0.9994972944259644,0.9994972944259644,1
Pond-1,22,5,0.999336838722229,0.9992842674255371,3
Pond-1,22,10,0.9992837905883789,0.9992668628692627,3
Pond-1,22,25,0.9992013573646545,0.9991708993911743,10
Pond-1,22,50,0.9991502165794373,0.9991205930709839,13
Pond-1,22,100,0.9991013407707214,0.9990799427032471,21
Pond-1,22,250,0.9990180134773254,0.9990036487579346,29
Pond-1,22,500,0.9989439845085144,0.9989118576049805,33
Pond-1,23,1,0.9994972944259644,0.9994972944259644,1
Pond-1,23,5,0.999336838722229,0.9992842674255371,3
Pond-1,23,10,0.9992837905883789,0.9992668628692627,3
Pond-1,23,25,0.9992013573646545,0.9991708993911743,10
Pond-1,23,50,0.9991502165794373,0.9991205930709839,13
Pond-1,23,100,0.9991013407707214,0.9990799427032471,21
Pond-1,23,250,0.9990180134773254,0.9990036487579346,29
Pond-1,23,500,0.9989439845085144,0.9989118576049805,33
Pond-2,0,1,0.9997658133506775,0.9997658133506775,1
Pond-2,0,5,0.9996503591537476,0.9996440410614014,3
Pond-2,0,10,0.9995942115783691,0.9995821714401245,6
Pond-2,0,25,0.9995040893554688,0.9994848370552063,9
Pond-2,0,50,0.9994150400161743,0.9994063377380371,14
Pond-2,0,100,0.9993074536323547,0.9992804527282715,24
Pond-2,0,250,0.9990968704223633,0.9990562200546265,35
Pond-2,0,500,0.9988816380500793,0.9988185167312622,38
Pond-2,1,1,0.9996521472930908,0.9996521472930908,1
Pond-2,1,5,0.9996125102043152,0.999602198600769,4
Pond-2,1,10,0.999595046043396,0.9995876550674438,6
Pond-2,1,25,0.9995680451393127,0.9995578527450562,13
Pond-2,1,50,0.9995468854904175,0.9995352029800415,17
Pond-2,1,100,0.999522864818573,0.9995146989822388,20
Pond-2,1,250,0.9994825124740601,0.9994722604751587,27
Pond-2,1,500,0.9994465708732605,0.9994325637817383,30
Pond-2,2,1,0.9997607469558716,0.9997607469558716,1
Pond-2,2,5,0.9997442960739136,0.9997471570968628,4
Pond-2,2,10,0.999731719493866,0.9997290372848511,7
Pond-2,2,25,0.9997175335884094,0.9997127056121826,11
Pond-2,2,50,0.9997022747993469,0.999698281288147,14
Pond-2,2,100,0.9996838569641113,0.9996792078018188,17
Pond-2,2,250,0.9996566772460938,0.999650239944458,21
Pond-2,2,500,0.9996324181556702,0.9996240139007568,23
Pond-2,3,1,0.9998294115066528,0.9998294115066528,1
Pond-2,3,5,0.9998140335083008,0.9998113512992859,5
Pond-2,3,10,0.9997959136962891,0.9997917413711548,7
Pond-2,3,25,0.9997766613960266,0.9997715950012207,10
Pond-2,3,50,0.9997594356536865,0.9997537136077881,12
Pond-2,3,100,0.9997413754463196,0.9997337460517883,15
Pond-2,3,250,0.999713122844696,0.9997067451477051,17
Pond-2,3,500,0.9996826648712158,0.9996761679649353,22
Pond-2,4,1,0.9998161792755127,0.9998161792755127,1
Pond-2,4,5,0.9998022317886353,0.9998019933700562,4
Pond-2,4,10,0.9997891187667847,0.9997914433479309,8
Pond-2,4,25,0.9997715950012207,0.9997641444206238,12
Pond-2,4,50,0.9997575879096985,0.9997544288635254,13
Pond-2,4,100,0.9997389316558838,0.9997338652610779,16
Pond-2,4,250,0.9997040033340454,0.9996964931488037,20
Pond-2,4,500,0.9996695518493652,0.9996583461761475,25
Pond-2,5,1,0.9999080896377563,0.9999080896377563,1
Pond-2,5,5,0.9998968839645386,0.9998931884765625,2
Pond-2,5,10,0.9998855590820312,0.9998873472213745,3
Pond-2,5,25,0.9998632073402405,0.9998542070388794,4
Pond-2,5,50,0.9998441338539124,0.9998339414596558,7
Pond-2,5,100,0.9998219013214111,0.999817967414856,11
Pond-2,5,250,0.9997863173484802,0.9997740983963013,14
Pond-2,5,500,0.9997568726539612,0.9997524619102478,18
Pond-2,6,1,0.999843418598175,0.999843418598175,1
Pond-2,6,5,0.9998324513435364,0.9998366236686707,3
Pond-2,6,10,0.9998246431350708,0.9998191595077515,6
Pond-2,6,25,0.999813437461853,0.9998117685317993,10
Pond-2,6,50,0.9998007416725159,0.9997988343238831,13
Pond-2,6,100,0.9997848272323608,0.9997792840003967,16
Pond-2,6,250,0.9997590780258179,0.9997515678405762,18
Pond-2,6,500,0.9997382760047913,0.999728798866272,22
Pond-2,7,1,0.9998746514320374,0.9998746514320374,1
Pond-2,7,5,0.9998291730880737,0.99982088804245,2
Pond-2,7,10,0.9998148083686829,0.9998091459274292,3
Pond-2,7,25,0.9997906684875488,0.999783992767334,6
Pond-2,7,50,0.9997700452804565,0.9997645616531372,8
Pond-2,7,100,0.9997420310974121,0.9997347593307495,9
Pond-2,7,250,0.9996982216835022,0.9996856451034546,14
Pond-2,7,500,0.9996602535247803,0.9996434450149536,19
Pond-2,8,1,0.9998606443405151,0.9998606443405151,1
Pond-2,8,5,0.9998342394828796,0.9998270273208618,2
Pond-2,8,10,0.9998194575309753,0.9998199939727783,4
Pond-2,8,25,0.9997969269752502,0.9997907876968384,6
Pond-2,8,50,0.9997757077217102,0.9997698664665222,10
Pond-2,8,100,0.9997528195381165,0.9997431635856628,13
Pond-2,8,250,0.9997158050537109,0.9997080564498901,16
Pond-2,8,500,0.99968421459198,0.9996679425239563,21
Pond-2,9,1,0.9995546340942383,0.9995546340942383,1
Pond-2,9,5,0.9994047284126282,0.9993710517883301,5
Pond-2,9,10,0.9993684887886047,0.9993515610694885,6
Pond-2,9,25,0.9992901682853699,0.9992656707763672,15
Pond-2,9,50,0.9992318153381348,0.9992071390151978,20
Pond-2,9,100,0.9991707801818848,0.9991425275802612,28
Pond-2,9,250,0.9990894198417664,0.9990671873092651,33
Pond-2,9,500,0.9990211725234985,0.998995304107666,34
Pond-2,10,1,0.9997093677520752,0.9997093677520752,1
Pond-2,10,5,0.9996752738952637,0.9996672868728638,5
Pond-2,10,10,0.999646008014679,0.9996406435966492,7
Pond-2,10,25,0.9995958209037781,0.9995825886726379,9
Pond-2,10,50,0.9995608329772949,0.9995443224906921,15
Pond-2,10,100,0.9995307326316833,0.99951171875,19
Pond-2,10,250,0.9994864463806152,0.9994730353355408,23
Pond-2,10,500,0.9994482398033142,0.9994317293167114,26
Pond-2,11,1,0.9998544454574585,0.9998544454574585,1
Pond-2,11,5,0.9998345375061035,0.9998450875282288,2
Pond-2,11,10,0.9998151659965515,0.9998042583465576,5
Pond-2,11,25,0.9997918009757996,0.9997849464416504,8
Pond-2,11,50,0.9997689723968506,0.9997659921646118,8
Pond-2,11,100,0.9997401237487793,0.9997318983078003,10
Pond-2,11,250,0.9997016787528992,0.9996883869171143,15
Pond-2,11,500,0.9996642470359802,0.9996534585952759,21
Pond-2,12,1,0.9994972944259644,0.9994972944259644,1
Pond-2,12,5,0.999336838722229,0.9992842674255371,3
Pond-2,12,10,0.9992837905883789,0.9992668628692627,3
Pond-2,12,25,0.9992013573646545,0.9991708993911743,10
Pond-2,12,50,0.9991502165794373,0.9991205930709839,13
Pond-2,12,100,0.9991013407707214,0.9990799427032471,21
Pond-2,12,250,0.9990180134773254,0.9990036487579346,29
Pond-2,12,500,0.9989439845085144,0.9989118576049805,33
Pond-2,13,1,0.9994972944259644,0.9994972944259644,1
Pond-2,13,5,0.999336838722229,0.9992842674255371,3
Pond-2,13,10,0.9992837905883789,0.9992668628692627,3
Pond-2,13,25,0.9992013573646545,0.9991708993911743,10
Pond-2,13,50,0.9991502165794373,0.9991205930709839,13
Pond-2,13,100,0.9991013407707214,0.9990799427032471,21
Pond-2,13,250,0.9990180134773254,0.9990036487579346,29
Pond-2,13,500,0.9989439845085144,0.9989118576049805,33
Pond-2,14,1,0.9994972944259644,0.9994972944259644,1
Pond-2,14,5,0.999336838722229,0.9992842674255371,3
Pond-2,14,10,0.9992837905883789,0.9992668628692627,3
Pond-2,14,25,0.9992013573646545,0.9991708993911743,10
Pond-2,14,50,0.9991502165794373,0.9991205930709839,13
Pond-2,14,100,0.9991013407707214,0.9990799427032471,21
Pond-2,14,250,0.9990180134773254,0.9990036487579346,29
Pond-2,14,500,0.9989439845085144,0.9989118576049805,33
Pond-2,15,1,0.9994972944259644,0.9994972944259644,1
Pond-2,15,5,0.999336838722229,0.9992842674255371,3
Pond-2,15,10,0.9992837905883789,0.9992668628692627,3
Pond-2,15,25,0.9992013573646545,0.9991708993911743,10
Pond-2,15,50,0.9991502165794373,0.9991205930709839,13
Pond-2,15,100,0.9991013407707214,0.9990799427032471,21
Pond-2,15,250,0.9990180134773254,0.9990036487579346,29
Pond-2,15,500,0.9989439845085144,0.9989118576049805,33
Pond-2,16,1,0.9994972944259644,0.9994972944259644,1
Pond-2,16,5,0.999336838722229,0.9992842674255371,3
Pond-2,16,10,0.9992837905883789,0.9992668628692627,3
Pond-2,16,25,0.9992013573646545,0.9991708993911743,10
Pond-2,16,50,0.9991502165794373,0.9991205930709839,13
Pond-2,16,100,0.9991013407707214,0.9990799427032471,21
Pond-2,16,250,0.9990180134773254,0.9990036487579346,29
Pond-2,16,500,0.9989439845085144,0.9989118576049805,33
Pond-2,17,1,0.9994972944259644,0.9994972944259644,1
Pond-2,17,5,0.999336838722229,0.9992842674255371,3
Pond-2,17,10,0.9992837905883789,0.9992668628692627,3
Pond-2,17,25,0.9992013573646545,0.9991708993911743,10
Pond-2,17,50,0.9991502165794373,0.9991205930709839,13
Pond-2,17,100,0.9991013407707214,0.9990799427032471,21
Pond-2,17,250,0.9990180134773254,0.9990036487579346,29
Pond-2,17,500,0.9989439845085144,0.9989118576049805,33
Pond-2,18,1,0.9994972944259644,0.9994972944259644,1
Pond-2,18,5,0.999336838722229,0.9992842674255371,3
Pond-2,18,10,0.9992837905883789,0.9992668628692627,3
Pond-2,18,25,0.9992013573646545,0.9991708993911743,10
Pond-2,18,50,0.9991502165794373,0.9991205930709839,13
Pond-2,18,100,0.9991013407707214,0.9990799427032471,21
Pond-2,18,250,0.9990180134773254,0.9990036487579346,29
Pond-2,18,500,0.9989439845085144,0.9989118576049805,33
Pond-2,19,1,0.9994972944259644,0.9994972944259644,1
Pond-2,19,5,0.999336838722229,0.9992842674255371,3
Pond-2,19,10,0.9992837905883789,0.9992668628692627,3
Pond-2,19,25,0.9992013573646545,0.9991708993911743,10
Pond-2,19,50,0.9991502165794373,0.9991205930709839,13
Pond-2,19,100,0.9991013407707214,0.9990799427032471,21
Pond-2,19,250,0.9990180134773254,0.9990036487579346,29
Pond-2,19,500,0.9989439845085144,0.9989118576049805,33
Pond-2,20,1,0.9994972944259644,0.9994972944259644,1
Pond-2,20,5,0.999336838722229,0.9992842674255371,3
Pond-2,20,10,0.9992837905883789,0.9992668628692627,3
Pond-2,20,25,0.9992013573646545,0.9991708993911743,10
Pond-2,20,50,0.9991502165794373,0.9991205930709839,13
Pond-2,20,100,0.9991013407707214,0.9990799427032471,21
Pond-2,20,250,0.9990180134773254,0.9990036487579346,29
Pond-2,20,500,0.9989439845085144,0.9989118576049805,33
Pond-2,21,1,0.9994972944259644,0.9994972944259644,1
Pond-2,21,5,0.999336838722229,0.9992842674255371,3
Pond-2,21,10,0.9992837905883789,0.9992668628692627,3
Pond-2,21,25,0.9992013573646545,0.9991708993911743,10
Pond-2,21,50,0.9991502165794373,0.9991205930709839,13
Pond-2,21,100,0.9991013407707214,0.9990799427032471,21
Pond-2,21,250,0.9990180134773254,0.9990036487579346,29
Pond-2,21,500,0.9989439845085144,0.9989118576049805,33
Pond-2,22,1,0.9994972944259644,0.9994972944259644,1
Pond-2,22,5,0.999336838722229,0.9992842674255371,3
Pond-2,22,10,0.9992837905883789,0.9992668628692627,3
Pond-2,22,25,0.9992013573646545,0.9991708993911743,10
Pond-2,22,50,0.9991502165794373,0.9991205930709839,13
Pond-2,22,100,0.9991013407707214,0.9990799427032471,21
Pond-2,22,250,0.9990180134773254,0.9990036487579346,29
Pond-2,22,500,0.9989439845085144,0.9989118576049805,33
Pond-2,23,1,0.9994972944259644,0.9994972944259644,1
Pond-2,23,5,0.999336838722229,0.9992842674255371,3
Pond-2,23,10,0.9992837905883789,0.9992668628692627,3
Pond-2,23,25,0.9992013573646545,0.9991708993911743,10
Pond-2,23,50,0.9991502165794373,0.9991205930709839,13
Pond-2,23,100,0.9991013407707214,0.9990799427032471,21
Pond-2,23,250,0.9990180134773254,0.9990036487579346,29
Pond-2,23,500,0.9989439845085144,0.9989118576049805,33
